Study_ID,Authors,Pub_Year,Journal_Abbrev,Article_Type,Article_ACC,Terr_Eco,Mono,Mix,Abiotic,Biotic,Trophic,Data_ACC,Notes
WOS001,Martin-Guay et al,2018,Sci Total Environ,Original Research Article,Y,Y,Y,N,N,N,N,N,meta-analysis
WOS002,Coll et al,2018,Forest Ecol Manag,Review Article,Y,Y,N,N,N,N,N,N,
WOS003,Blesh,2018,J Appl Ecol,Original Research Article,Y,Y,Y,Y,Y,Y,N,Y,
WOS004,van Moorsel et al,2018,Ecol Lett,Original Research Article,Y,Y,Y,Y,Y,Y,N,Y,
WOS005,Oram et al,2018,J Ecol,Original Research Article,Y,Y,Y,Y,N,Y,N,Y,
WOS006,Siebenkas et al,2017,J Plant Ecol,Original Research Article,Y,Y,Y,Y,Y,Y,N,N,
WOS007,Landaverde-Gonzalez et al,2017,J Appl Ecol,Original Research Article,Y,Y,Y,N,N,N,Y,Y,
WOS008,Husse et al,2017,Plant Soil,Original Research Article,Y,Y,Y,Y,Y,Y,N,N,
WOS009,Godwin et al,2017,Environ Technol,Original Research Article,Y,N,Y,Y,Y,Y,N,N,
WOS010,Khlifa et al,2017,Ecol Evol,Original Research Article,Y,Y,Y,Y,N,Y,Y,Y,
WOS011,Schuldt et al,2017,Proc R Soc Lond [Biol],Original Research Article,Y,Y,Y,Y,N,N,Y,Y,
WOS012,Weisser et al,2017,Basic Appl Ecol,Review Article,Y,Y,Y,Y,Y,Y,Y,N,
WOS013,Flombaum et al,2017,Oikos,Original Research Article,Y,Y,Y,Y,N,Y,N,N,
WOS014,Tajmiri et al,2017,Int J Trop Insect Sci,Original Research Article,Y,Y,Y,Y,N,Y,Y,N,
WOS015,Milcu et al,2017,Sci Rep,Original Research Article,Y,Y,Y,Y,Y,Y,N,N,
WOS016,Cadotte,2017,Eco Lett,Original Research Article,Y,Y,Y,Y,N,Y,N,Y,
WOS017,Thakur et al,2017,Science,Original Research Article,Y,Y,Y,Y,N,Y,Y,N,
WOS018,Pei et al,2017,Biogeochemistry,Original Research Article,Y,Y,Y,Y,Y,N,Y,N,
WOS019,Correa-Araneda et al,2017,Ecol Evol,Original Research Article,Y,N,Y,N,N,Y,N,N,
WOS020,Wohlgemuth et al,2017,Oecologia,Original Research Article,Y,N,Y,Y,N,Y,N,N,
WOS021,Schuler et al,2017,Landsc Ecol,Original Research Article,Y,Y,Y,Y,N,Y,N,N,
WOS022,Cesarz et al,2017,Oecologia,Original Research Article,Y,Y,Y,Y,Y,N,Y,N,
WOS023,Piovia-Scott et al,2017,Microb Ecol,Original Research Article,Y,N,Y,Y,N,N,N,N,
WOS024,Baert et al,2017,Environ Technol,Original Research Article,Y,N,Y,Y,N,N,N,N,
WOS025,Schwarzer et al,2017,Pers Ecol Evol Syst,Original Research Article,Y,Y,Y,Y,N,Y,N,N,
WOS026,Brodbeck et al,2017,Env Entom,Original Research Article,Y,Y,Y,N,N,N,Y,N,
WOS027,Lawton et al,2017,J Appl Phyc,Original Research Article,Y,N,Y,Y,N,Y,N,N,
WOS028,Bracken et al,2017,Ecology,Original Research Article,Y,N,Y,Y,N,Y,N,N,
WOS029,Cook-Patton et al,2017,J Ecol,Original Research Article,Y,Y,Y,Y,N,Y,N,Y,
WOS030,Whalen et al,2017,Marine Ecol Prog Series,Original Research Article,Y,N,Y,Y,N,N,N,N,
WOS031,Byun and Lee,2017,Ecol Evol,Original Research Article,Y,Y,Y,Y,N,Y,N,N,
WOS032,Nath et al,2017,Physiol Mol Biol Plants,Original Research Article,Y,N,Y,N,N,Y,N,N,
WOS033,Niklaus et al,2017,Ecology,Original Research Article,Y,Y,Y,Y,N,Y,N,N,
WOS034,Wolf et al,2017,PNAS,Original Research Article,Y,Y,Y,Y,Y,Y,N,N,
WOS035,Vermeulen et al,2017,J Ecol,Original Research Article,Y,Y,Y,Y,N,Y,N,N,
WOS036,Muiruri and Koricheva,2017,Oikos,Original Research Article,Y,Y,Y,Y,N,Y,Y,N,
WOS037,Hoeber et al,2017,Front Plant Sci,Original Research Article,Y,Y,Y,Y,N,Y,N,Y,
WOS038,Moujahid et al,2017,PLOS ONE,Original Research Article,Y,Y,Y,Y,Y,N,N,N,
WOS039,Schmid et al,2017,J Plant Ecol,Review Article,Y,Y,N,N,N,N,N,N,paper acts as a statistical guide for BEF experiments
WOS040,Sun et al,2017,J Plant Ecol,Original Research Article,Y,Y,Y,Y,N,Y,N,N,
WOS041,Van De Velde et al,2017,Oikos,Original Research Article,Y,Y,Y,Y,N,Y,Y,N,
WOS042,Fu et al,2017,Sustainability,Original Research Article,Y,Y,Y,N,N,N,Y,N,
WOS043,Chamagne et al,2017,J Appl Ecol,Original Research Article,Y,Y,Y,N,N,Y,N,Y,
WOS044,Fischer et al,2017,Func Eco,Original Research Article,Y,Y,Y,Y,N,Y,N,Y,
WOS045,Ramirez-Collio et al,2017,Forest Ecol Manag,Original Research Article,Y,Y,Y,N,Y,N,Y,N,
WOS046,Setiawan et al,2017,Forest Ecol Manag,Original Research Article,Y,Y,Y,Y,N,Y,N,N,
WOS047,Russo et al,2017,AMB Expr,Original Research Article,Y,N,N,N,N,Y,N,N,
WOS048,Wright et al,2017,New Phyto,Original Research Article,Y,Y,Y,Y,Y,Y,N,N,
WOS049,Hatt et al,2017,Ecol Eng,Original Research Article,Y,Y,Y,Y,N,N,Y,N,
WOS050,Wein et al,2017,PLOS ONE,Original Research Article,Y,Y,Y,Y,N,Y,N,Y,
WOS051,Tuck et al,2016,Proc R Soc Lond [Biol],Original Research Article,Y,Y,Y,Y,N,Y,N,Y,
WOS052,Narwani et al,2016,Environ Technol,Original Research Article,Y,N,Y,Y,N,Y,N,N,
WOS053,Armengot et al,2016,Agron Sustain Dev,Original Research Article,Y,Y,Y,N,N,N,N,N,
WOS054,Waterton et al,2016,Ecol Evol,Original Research Article,Y,Y,Y,Y,N,Y,N,Y,
WOS055,Hughes et al,2016,Ecology,Original Research Article,Y,N,N,N,N,Y,N,N,"genetic diversity; does incl. ""monoculture"" and ""mixture"" treatments, but only uses single spp "
WOS056,Van de Peer et al,2016,J Appl Ecol,Original Research Article,Y,Y,Y,Y,Y,Y,N,Y,
WOS057,Gilman et al,2016,Biotropica,Original Research Article,Y,Y,Y,Y,Y,Y,N,N,
WOS058,Sjoqvist et al,2016,ISME Journal,Original Research Article,Y,N,Y,N,N,N,N,N,
WOS059,Ma et al,2016,Global Ecol Biogeogr,Original Research Article,Y,Y,Y,Y,Y,Y,N,N,meta-analysis
WOS060,Damien et al,2016,Forest Ecol Manag,Original Research Article,Y,Y,Y,Y,N,Y,Y,Y,
WOS061,Steinauer et al,2016,Ecol Evol,Original Research Article,Y,Y,Y,Y,N,Y,N,Y,
WOS062,Liao et al,2016,Biol Invasions,Original Research Article,Y,Y,Y,Y,N,Y,N,N,
WOS063,Arauj et al,2016,Rev Cien Agronom,Original Research Article,Y,Y,Y,N,N,N,N,N,
WOS064,Bybee-Finley et al,2016,Crop Sci,Original Research Article,N,Y,,,,,,,no access to article (online or PDF); unable to read the methods section
WOS065,Schaller et al,2016,Oecologia,Original Research Article,Y,Y,Y,Y,Y,Y,N,N,
WOS066,Barkaoui et al,2016,Agr Eco Env,Original Research Article,Y,Y,Y,Y,Y,Y,N,N,
WOS067,Heim and Lundholm,2016,Ecol Eng,Original Research Article,Y,Y,Y,Y,N,Y,N,N,
WOS068,Frasier et al,2016,Sci Total Environ,Original Research Article,Y,Y,Y,Y,Y,Y,Y,N,
WOS069,Seidelmann et al,2016,PLOS ONE,Original Research Article,Y,Y,Y,Y,Y,Y,N,Y,
WOS070,McKenna et al,2016,Ecol Evol,Original Research Article,Y,Y,Y,Y,N,N,N,N,
WOS071,Kulmatiski et al,2016,Ecology,Original Research Article,Y,N,Y,Y,N,Y,N,N,
WOS072,Dziedek et al,2016,Front Plant Sci,Original Research Article,Y,Y,Y,Y,N,Y,N,N,
WOS073,Song et al,2016,Acta Agri Scand Sect B,Original Research Article,Y,Y,Y,N,N,N,N,N,
WOS074,Chang et al,2016,Allelopathy J,Original Research Article,N,Y,,,,,,,no access to article (online or PDF); unable to read the methods section
WOS075,Kwiatkowski et al,2016,J Agri Sci Tech,Original Research Article,Y,Y,Y,Y,N,Y,N,N,
WOS076,Siebenkas and Roscher,2016,Plant Soil,Original Research Article,Y,Y,Y,Y,N,Y,N,N,
WOS077,Siebenkas et al,2016,PLOS ONE,Original Research Article,Y,Y,Y,Y,N,Y,N,N,
WOS078,Roscher et al,2016,Oecologia,Original Research Article,Y,Y,Y,Y,N,Y,N,N,
WOS079,Tobner et al,2016,Ecol Lett,Original Research Article,Y,Y,Y,Y,N,Y,N,N,
WOS080,Craven et al,2016,Proc R Soc Lond [Biol],Original Research Article,Y,Y,Y,Y,N,Y,N,Y,"meta-level analysis (uses raw data, but not effect sizes)"
WOS081,Grilli et al,2016,Forest Pol Econom,Original Research Article,Y,Y,Y,Y,N,N,N,N,
WOS082,Trogisch et al,2016,Forest Ecol Manag,Original Research Article,Y,Y,Y,Y,Y,Y,N,N,
WOS083,Hernandez et al,2016,Front Plant Sci,Original Research Article,Y,Y,Y,Y,Y,Y,N,N,
WOS084,Nguyen et al,2016,Ecol Evol,Original Research Article,Y,Y,Y,Y,N,Y,Y,Y,
WOS085,Dillen et al,2016,Biomass Bioenergy,Original Research Article,Y,Y,Y,Y,Y,Y,N,N,
WOS086,Korol et al,2016,Journal of Plant Ecology,Original Research Article,Y,N,Y,Y,N,Y,N,N,
WOS087,Zuppinger-Dingley et al,2016,Ecology,Original Research Article,Y,Y,Y,Y,N,Y,N,N,
WOS088,Ramus et al,2016,J Ecol,Original Research Article,Y,N,Y,Y,N,N,N,N,
WOS089,Forrester et al,2016,Curr Forestry Rep,Review Article,Y,Y,N,N,N,N,N,N,
WOS090,Cowles et al,2016,Glob Change Biol,Original Research Article,Y,Y,Y,Y,Y,Y,N,Y,
WOS091,Abdala-Roberts et al,2016,Agric Forest Entom,Original Research Article,Y,Y,Y,N,N,N,N,N,
WOS092,Mo et al,2016,Sci Rep,Original Research Article,Y,Y,Y,Y,Y,N,N,N,
WOS093,Vrtilek et al,2016,Proc Int PhD Conf,Conference Paper,N,Y,,,,,,,no access to article (online or PDF); unable to read the methods section
WOS094,Eisenhauer,2016,Pedobiologia,Editorial,Y,Y,Y,N,N,N,N,N,
WOS095,Twardowski et al,2016,Arch Agronom Soil Sci,Original Research Article,Y,Y,Y,N,Y,N,N,N,
WOS096,Gruss et al,2016,Zemdirbyste-Agri,Original Research Article,Y,Y,Y,N,Y,Y,N,N,
WOS097,Han et al,2016,J Int Agri,Original Research Article,Y,Y,Y,Y,N,N,Y,N,
WOS098,Finney et al,2016,Agronom J,Original Research Article,Y,Y,Y,Y,Y,Y,N,Y,
WOS099,Allen et al,2016,Ecology,Original Research Article,Y,N,Y,Y,N,Y,N,N,greenhouse experiment
WOS100,Lubbe et al,2016,Oikos,Original Research Article,Y,Y,Y,Y,N,Y,N,N,
WOS101,Mommer et al,2015,Func Eco,Original Research Article,Y,Y,Y,Y,N,Y,N,Y,
WOS102,Hasse et al,2015,Oikos,Original Research Article,Y,Y,Y,Y,N,Y,Y,N,
WOS103,Martinez et al,2015,Forest Ecol Manag,Original Research Article,Y,Y,Y,N,N,Y,N,N,
WOS104,Zhu et al,2015,PLOS ONE,Original Research Article,Y,Y,Y,Y,Y,Y,N,N,
WOS105,Plum et al,2015,Ecology,Original Research Article,Y,N,Y,Y,N,Y,N,N,
WOS106,Kuebbing et al,2015,New Phyto,Original Research Article,Y,Y,Y,Y,N,Y,N,N,
WOS107,Macheriotou et al,2015,J Exp Marine Biol Ecol,Original Research Article,Y,N,Y,N,N,N,N,N,
WOS108,Lubbe et al,2015,Front Plant Sci,Original Research Article,Y,Y,Y,Y,N,Y,Y,N,
WOS109,Zuppinger-Dingley et al,2015,J Plant Ecol,Original Research Article,Y,Y,Y,Y,N,N,N,N,
WOS110,Jewell et al,2015,Annals of Botany,Original Research Article,Y,Y,Y,Y,N,Y,N,N,
WOS111,Thakur et al,2015,Ecol Evol,Original Research Article,Y,Y,Y,Y,N,Y,Y,N,
WOS112,Goncalves et al,2015,Fung Ecol,Original Research Article,Y,N,Y,Y,N,N,N,N,
WOS113,Myers et al,2015,J Appl Ecol,Original Research Article,Y,Y,Y,Y,Y,Y,Y,Y,
WOS114,Yang et al,2015,Oecologia,Original Research Article,Y,Y,Y,Y,N,Y,N,N,
WOS115,Fiegna et al,2015,Proc R Soc Lond [Biol],Original Research Article,Y,N,Y,Y,N,N,N,Y,experiment involves bacteria cultures
WOS116,Seitz et al,2015,Earth Surf Process Landf,Original Research Article,Y,Y,Y,Y,Y,Y,N,N,
WOS117,Dickson and Gross,2015,PLOS ONE,Original Research Article,Y,Y,Y,Y,N,Y,N,Y,
WOS118,Campos-Navarrete et al,2015,PLOS ONE,Original Research Article,Y,Y,Y,Y,N,N,Y,Y,
WOS119,Tardif and Shipley,2015,Oikos,Original Research Article,Y,Y,Y,Y,N,Y,N,N,
WOS120,Komomen et al,2015,Forest Ecol Manag,Original Research Article,Y,Y,Y,Y,N,Y,Y,N,
WOS121,De Meester et al,2015,PLOS ONE,Original Research Article,Y,N,Y,N,N,N,N,N,experiment involves nematode cultures
WOS122,Tannas et al,2015,Restor Ecol,Original Research Article,Y,Y,Y,Y,N,Y,N,N,
WOS123,Staab et al,2015,Oikos,Original Research Article,Y,Y,Y,Y,N,N,Y,N,
WOS124,Goebes et al,2015,PLOS ONE,Original Research Article,Y,Y,Y,N,Y,Y,N,N,BEF China experiment
WOS125,Kunert and Cardenas,2015,Forests,Original Research Article,Y,Y,Y,Y,N,Y,N,N,
WOS126,Ribas et al,2015,Plant Soil,Original Research Article,Y,Y,Y,Y,Y,Y,N,N,
WOS127,Muiruri et al,2015,Func Eco,Original Research Article,Y,Y,Y,Y,N,Y,Y,Y,
WOS128,Schuldt et al,2015,J Ecol,Original Research Article,Y,Y,Y,Y,N,Y,Y,Y,
WOS129,Jing et al,2015,J Ecol,Original Research Article,Y,Y,Y,Y,N,Y,N,Y,
WOS130,Rivest et al,2015,Func Eco,Original Research Article,Y,Y,Y,Y,Y,Y,N,Y,
WOS131,Lind et al,2015,Ecology,Original Research Article,Y,Y,Y,Y,N,Y,Y,N,
WOS132,Mallett et al,2015,Austral Ecology,Original Research Article,Y,Y,Y,Y,N,Y,N,N,
WOS133,Roscher et al,2015,PLOS ONE,Original Research Article,Y,Y,Y,Y,N,Y,N,N,
WOS134,Togio et al,2015,J Ecol,Original Research Article,Y,Y,Y,Y,N,Y,N,Y,
WOS135,Gamfeldt et al,2015,Oikos,Original Research Article,Y,N,N,N,N,N,N,N,meta-analysis on marine ecosystems
WOS136,Kostenko et al,2015,Ecol Evol,Original Research Article,Y,Y,Y,Y,N,Y,Y,N,
WOS137,Domisch et al,2015,Oecologia,Original Research Article,Y,Y,Y,Y,N,Y,N,N,
WOS138,Chen et al,2015,Biol Invasions,Original Research Article,Y,Y,Y,Y,N,Y,N,N,
WOS139,Magurno et al,2015,Appl Ecol Env Research,Original Research Article,N,Y,,,,,,,no access to article (online or PDF); unable to read the methods section
WOS140,Tixier et al,2015,Acarologia,Original Research Article,Y,Y,Y,Y,N,Y,Y,N,
WOS141,Swedrzynska et al,2015,Rocznik Ochrona Srodowiska,Original Research Article,N,Y,,,,,,,no access to article (online or PDF); unable to read the methods section
WOS142,Schwendenmann et al,2015,Ecohydrology,Original Research Article,Y,Y,Y,Y,Y,Y,N,N,
WOS143,Cong et al,2015,Soil Boil Biochem,Original Research Article,Y,Y,Y,Y,Y,Y,Y,N,
WOS144,Yang et al,2014,PLOS ONE,Original Research Article,Y,Y,Y,Y,N,Y,N,N,
WOS145,Wooliver et al,2014,PLOS ONE,Original Research Article,Y,Y,Y,Y,N,Y,N,N,
WOS146,Bravo-Oviedo et al,2014,For Syst,Original Research Article,Y,Y,Y,Y,N,Y,N,N,
WOS147,Mason,2014,For Syst,Original Research Article,Y,Y,Y,Y,N,Y,N,N,
WOS148,Hammond et al,2014,Agr Eco Env,Original Research Article,Y,Y,Y,Y,N,Y,N,N,
WOS149,Zuppinger-Dingley et al,2014,Nature,Original Research Article,Y,Y,Y,Y,N,Y,N,N,
WOS150,Magurno et al,2014,Symbiosis,Original Research Article,Y,Y,Y,N,N,N,N,N,
WOS151,Parachnowitsch et al,2014,Evol Ecol,Original Research Article,Y,Y,Y,Y,N,Y,N,N,
WOS152,Zhang et al,2014,PLOS ONE,Original Research Article,Y,Y,Y,Y,N,Y,N,Y,
WOS153,Limberger et al,2014,Proc R Soc Lond [Biol],Original Research Article,Y,N,Y,N,N,N,N,Y,growth chamber experiment using algal cultures
WOS154,Abdala and Mooney,2014,Ecology,Original Research Article,Y,Y,Y,Y,N,Y,Y,N,
WOS155,Castagneyrol et al,2014,Basic Appl Ecol,Original Research Article,Y,Y,Y,Y,N,Y,Y,N,
WOS156,Schuster et al,2014,Oikos,Original Research Article,Y,Y,Y,Y,N,Y,N,N,
WOS157,Riedel et al,2014,Myrmecological News,Original Research Article,Y,Y,Y,Y,N,Y,Y,N,
WOS158,Schuldt et al,2014,Forest Ecol Manag,Original Research Article,Y,Y,Y,Y,N,N,Y,N,
WOS159,Li et al,2014,Forest Ecol Manag,Original Research Article,Y,Y,Y,Y,Y,Y,N,N,
WOS160,Cong et al,2014,J Ecol,Original Research Article,Y,Y,Y,Y,Y,Y,N,Y,
WOS161,Balmer et al,2014,Bio Control,Original Research Article,Y,Y,Y,N,N,N,N,N,
WOS162,Confalonieri et al,2014,Ecol Modelling,Original Research Article,Y,Y,Y,N,N,N,N,N,
WOS163,Albertson et al,2014,PLOS ONE,Original Research Article,Y,N,Y,Y,N,N,N,N,laboratory stream experiment; involves macroinvertebrates
WOS164,Shi et al,2014,Sci China-Life Sci,Original Research Article,Y,Y,Y,Y,N,N,Y,N,
WOS165,Liu et al,2014,Forest Ecol Manag,Original Research Article,Y,Y,Y,N,N,N,N,N,
WOS166,Long and Finke,2014,Environ Entomol,Original Research Article,Y,N,N,N,N,N,N,N,aphid and predatory chamber experiment; greenhouse + field component
WOS167,Bukowski et al,2014,Ecol Evol,Original Research Article,Y,Y,Y,Y,N,Y,N,N,
WOS168,Sturludottir et al,2014,Grass Forag Sci,Original Research Article,Y,Y,Y,Y,N,Y,N,N,
WOS169,Verlinden et al,2014,Weed Research,Original Research Article,Y,Y,Y,Y,Y,Y,N,N,
WOS170,Cook-Patton et al,2014,Proc R Soc Lond [Biol],Original Research Article,Y,Y,Y,Y,N,Y,Y,N,
WOS171,Smith et al,2014,PLOS ONE,Original Research Article,Y,Y,Y,Y,N,Y,N,N,
WOS172,Cupul et al,2014,Elec J Biotech,Original Research Article,Y,N,Y,Y,N,N,N,N,biotechnology experiment; involves fungi
WOS173,Fritschie et al,2014,Ecology,Original Research Article,Y,N,Y,Y,N,N,N,N,experiment involves algal species
WOS174,Tomimastsu et al,2014,Oecologia,Original Research Article,Y,Y,Y,Y,Y,Y,N,N,
WOS175,Darby et al,2014,Oecologia,Original Research Article,Y,N,Y,Y,N,N,N,N,experiment involves nematode species
WOS176,Hughes,2014,J Ecol,Original Research Article,Y,Y,Y,Y,N,Y,Y,Y,
WOS177,Mason and Connolly,2014,Forestry,Original Research Article,Y,y,Y,Y,N,Y,N,N,
WOS178,Maroun et al,2014,Biomass Bioenergy,Original Research Article,Y,Y,Y,N,N,N,N,N,
WOS179,Tardif et al,2014,Annals of Botany,Original Research Article,Y,Y,Y,Y,N,Y,N,N,
WOS180,Zilverberg et al,2014,Agr Eco Env,Original Research Article,Y,Y,Y,Y,N,Y,N,N,
WOS181,Pollastrini et al,2014,Plant Biol,Original Research Article,Y,Y,Y,Y,Y,Y,N,N,
WOS182,Shanin et al,2014,Eur J Forest Research,Original Research Article,Y,Y,Y,Y,Y,Y,N,N,
WOS183,Khalsa et al,2014,Grass and Forage Sci,Original Research Article,Y,Y,Y,Y,Y,Y,N,N,
WOS184,Ball et al,2014,Soil Boil Biochem,Original Research Article,Y,Y,Y,Y,Y,Y,Y,N,
WOS185,Flombaum et al,2014,Oecologia,Original Research Article,Y,Y,Y,Y,Y,Y,N,N,
WOS186,Lang et al,2014,J Appl Ecol,Original Research Article,Y,Y,Y,Y,Y,Y,N,N,
WOS187,Condori et al,2014,PLOS ONE,Original Research Article,Y,Y,Y,Y,N,Y,N,N,
WOS188,Zhao et al,2014,PLOS ONE,Original Research Article,Y,Y,Y,Y,Y,N,Y,N,
WOS189,Tilman et al,2014,Ann Rev Ecol Evol Syst,Review Article,Y,Y,N,N,N,N,N,N,
WOS190,Rani,2014,Landsc Ecol Water Manag,Conference Paper,N,Y,,,,,,,no access to article (online or PDF); unable to read the methods section
WOS191,Hoekstra et al,2014,Biogeosciences,Original Research Article,Y,Y,Y,Y,Y,Y,N,N,
WOS192,Straub et al,2014,Basic Appl Ecol,Original Research Article,Y,Y,Y,Y,N,Y,Y,N,
WOS193,Loranger et al,2014,Oecologia,Original Research Article,Y,Y,Y,Y,N,Y,Y,N,
WOS194,Foster et al,2014,Can J Plant Sci,Original Research Article,Y,Y,Y,Y,N,Y,N,N,
WOS195,Gross et al,2014,Am Nat,Original Research Article,Y,Y,Y,Y,N,Y,N,N,
WOS196,Wilsey et al,2014,Ecol Lett,Original Research Article,Y,Y,Y,Y,N,Y,N,N,
WOS197,Pufal et al,2013,J Plant Ecol,Original Research Article,Y,Y,Y,Y,N,Y,N,N,
WOS198,Sprenger et al,2013,Forest Ecol Manag,Original Research Article,Y,Y,Y,Y,Y,N,N,Y,
WOS199,Peres et al,2013,Plant Soil,Original Research Article,Y,Y,Y,Y,Y,Y,Y,N,
WOS200,Jiang et al,2013,Plant Soil,Original Research Article,Y,Y,Y,Y,Y,N,Y,N,
WOS201,Long et al,2013,Plant Ecology,Original Research Article,Y,Y,Y,Y,N,Y,N,N,
WOS202,Schwarzer et al,2013,J Ecol,Original Research Article,Y,Y,Y,Y,N,Y,N,N,
WOS203,Dahlin et al,2013,J Appl Ecol,Original Research Article,Y,Y,Y,Y,N,Y,Y,N,
WOS204,Fliessbach et al,2013,Biol Fert Soils,Original Research Article,Y,N,Y,N,Y,Y,Y,N,
WOS205,Marquad et al,2013,PLOS ONE,Original Research Article,Y,Y,Y,Y,N,Y,N,N,
WOS206,Sanderson et al,2013,Agronom J,Original Research Article,Y,Y,Y,Y,N,Y,N,N,
WOS207,Wilby et al,2013,PLOS ONE,Original Research Article,Y,Y,Y,Y,N,Y,Y,N,
WOS208,Kawaletz et al,2013,J Plant Ecol,Original Research Article,Y,Y,Y,Y,N,Y,N,N,
WOS209,Carvalho et al,2013,Austral Ecology,Original Research Article,Y,Y,Y,Y,N,Y,N,N,
WOS210,Vaz-Pinto et al,2013,Biol Invasions,Original Research Article,Y,N,Y,Y,N,N,N,N,experiment involves macroalgal species
WOS211,Loranger et al,2013,Ecology,Original Research Article,Y,Y,Y,Y,N,Y,Y,N,
WOS212,Kersch-Becker et al,2013,Biotropica,Original Research Article,Y,Y,Y,N,N,N,Y,N,
WOS213,Moreira et al,2013,Biol Letters,Original Research Article,Y,Y,Y,Y,N,N,Y,N,
WOS214,Straub et al,2013,J Pest Sci,Original Research Article,Y,Y,Y,Y,N,N,Y,N,
WOS215,Lee et al,2013,J Appl Ecol,Original Research Article,Y,Y,Y,N,N,N,N,N,
WOS216,Cadotte ,2013,PNAS,Original Research Article,Y,Y,Y,Y,N,Y,N,N,
WOS217,Gustafsson and Bostrom,2013,PLOS ONE,Original Research Article,Y,N,Y,Y,Y,Y,N,N,experiment involves eelgrass (aquatic ecosystems)
WOS218,Huang et al,2013,Basic Appl Ecol,Original Research Article,Y,Y,Y,Y,N,Y,N,N,
WOS219,Turnbull et al,2013,Ecol Lett,Original Research Article,Y,N,N,N,N,N,N,N,no data collection; simulation models only 
WOS220,Lang'at et al,2013,Oecologia,Original Research Article,Y,Y,Y,Y,N,Y,N,N,
WOS221,de Mazancourt et al,2013,Ecol Lett,Original Research Article,Y,Y,Y,Y,N,Y,N,N,
WOS222,Guenay et al,2013,Soil Boil Biochem,Original Research Article,Y,Y,Y,Y,N,N,Y,N,
WOS223,Maire et al,2013,Ecol Modelling,Original Research Article,Y,N,Y,N,Y,Y,N,N,
WOS224,Mueller et al,2013,Ecology,Original Research Article,Y,Y,Y,Y,N,Y,N,N,
WOS225,Sapijanskas et al,2013,Ecology,Original Research Article,Y,Y,Y,Y,N,Y,N,Y,
WOS226,Finn et al,2013,J Appl Ecol,Original Research Article,Y,Y,Y,Y,N,Y,N,N,
WOS227,Mueller et al,2013,Glob Change Biol,Original Research Article,Y,Y,Y,Y,Y,N,N,N,
WOS228,Hendriks et al,2013,J Ecol,Original Research Article,Y,Y,Y,Y,Y,Y,N,N,
WOS229,Jiang et al,2013,Euro J Soil Sci,Original Research Article,Y,Y,Y,N,N,Y,N,N,
WOS230,Pausch et al,2013,Soil Boil Biochem,Original Research Article,Y,Y,Y,Y,N,Y,Y,Y,
WOS231,Allan et al,2013,Ecology,Original Research Article,Y,Y,Y,Y,N,Y,N,N,
WOS232,Daneshgar et al,2013,Plant Ecology,Original Research Article,Y,Y,Y,Y,N,Y,N,N,
WOS233,Schabhuttl et al,2013,Oecologia,Original Research Article,Y,N,Y,Y,N,Y,N,N,experiment involves phytoplankton species
WOS234,Byun et al,2013,J Ecol,Original Research Article,Y,Y,Y,Y,N,Y,N,N,
WOS235,Brooks et al,2013,Pers Ecol Evol Syst,Original Research Article,Y,Y,Y,Y,N,Y,N,N,
WOS236,Verheyen et al,2013,Plant Ecol Evol,Original Research Article,Y,Y,Y,Y,N,Y,N,N,
WOS237,Bennett and Gratton,2013,Ecol Appl,Original Research Article,Y,Y,Y,Y,N,N,Y,Y,
WOS238,Eggers and Matthiessen,2013,Marine Ecol Prog Series,Original Research Article,Y,N,Y,Y,N,Y,N,N,experiment involves marine ecosystems
WOS239,Wang et al,2013,Oecologia,Original Research Article,Y,Y,Y,Y,N,Y,N,N,
WOS240,Perring et al,2013,Agr Eco Env,Original Research Article,Y,Y,Y,Y,Y,Y,N,Y,
WOS241,Loranger et al,2012,Ecology,Original Research Article,Y,Y,Y,N,N,N,N,N,
WOS242,Wang et al,2012,Plant Ecology,Original Research Article,Y,Y,Y,N,N,N,Y,N,
WOS243,Benyon et al,2012,J Appl Ecol,Original Research Article,Y,N,Y,Y,N,Y,N,N,experiment involes only dung beetles
WOS244,Janson et al,2012,J Soil Sed,Original Research Article,Y,N,N,N,N,N,N,N,experiment involves estuarine ecoysystems
WOS245,Khalsa et al,2012,Grass Forag Sci,Original Research Article,Y,Y,Y,Y,N,Y,N,N,
WOS246,Dickson et al,2012,Biol Invasions,Original Research Article,Y,Y,Y,N,N,Y,N,N,
WOS247,von Felten et al,2012,Ecology,Original Research Article,Y,Y,Y,Y,Y,Y,N,Y,
WOS248,Zhang et al,2012,Front Env Sci Eng China,Original Research Article,N,Y,Y,N,N,N,N,N,
WOS249,Roger et al,2012,PLOS ONE,Original Research Article,Y,N,Y,Y,N,Y,N,N,experiment involves marine diatom species
WOS250,Bessler et al,2012,Plant Soil,Original Research Article,Y,Y,Y,Y,Y,N,N,N,
WOS251,Castegneyrol et al,2012,PLOS ONE,Original Research Article,Y,Y,Y,Y,N,N,Y,N,
WOS252,Kulmatiski et al,2012,Proc R Soc Lond [Biol],Original Research Article,Y,Y,Y,Y,N,Y,N,N,
WOS253,Postma and Lynch,2012,Annals of Botany,Original Research Article,Y,Y,Y,Y,Y,Y,N,N,
WOS254,Frankow-Lindberg,2012,Oecologia,Original Research Article,Y,Y,Y,Y,N,Y,N,N,
WOS255,Kostenko et al,2012,Ento Exp et Appl,Original Research Article,Y,Y,Y,Y,N,Y,Y,N,
WOS256,Myers et al,2012,J Insect Conserv,Original Research Article,Y,Y,Y,Y,N,Y,Y,N,
WOS257,Plath et al,2012,Oecologia,Original Research Article,Y,Y,Y,Y,N,Y,Y,N,
WOS258,Reid et al,2012,Ecosystems,Original Research Article,Y,Y,Y,Y,N,Y,N,N,
WOS259,Cardoso et al,2012,Env Monitor Assess,Original Research Article,Y,Y,Y,N,Y,N,N,N,
WOS260,Koch et al,2012,PLOS ONE,Original Research Article,Y,Y,Y,Y,N,Y,N,N,
WOS261,Lawrence et al,2012,PLOS Biology,Original Research Article,Y,N,Y,Y,N,Y,N,N,experiment involves bacteria cultures
WOS262,Gu et al,2012,Plant Species Biol,Original Research Article,Y,Y,Y,Y,N,Y,N,Y,
WOS263,van Zuidman et al,2012,Restoration Ecology,Original Research Article,Y,Y,Y,Y,N,Y,N,N,
WOS264,Zhang et al,2012,J Ecol,Original Research Article,Y,Y,Y,Y,N,Y,N,N,meta-analysis
WOS265,Kipfer et al,2012,PLOS ONE,Original Research Article,Y,Y,Y,Y,N,Y,Y,Y,
WOS266,Aquilino et al,2012,Ecology,Original Research Article,Y,N,Y,Y,N,Y,N,N,experiment involves algal species
WOS267,Zhu et al,2012,Clean-Soil Air Water,Original Research Article,Y,y,Y,Y,Y,Y,N,N,
WOS268,Koh et al,2012,Molec Ecol,Original Research Article,Y,N,Y,Y,N,Y,N,N,experiment involves bacteria cultures
WOS269,Pontes et al,2012,Oecologia,Original Research Article,Y,Y,Y,Y,N,Y,N,N,
WOS270,Drummond and Vellend,2012,PLOS ONE,Original Research Article,Y,Y,Y,Y,N,Y,N,N,
WOS271,Schultz et al,2012,Aquatic Botany,Original Research Article,Y,Y,Y,Y,Y,Y,N,Y,
WOS272,Lei et al,2012,Forest Ecol Manag,Original Research Article,Y,Y,Y,Y,N,Y,N,N,
WOS273,Li et al,2012,J Appl Ecol,Original Research Article,Y,N,Y,Y,N,Y,N,N,experiment involves algal species
WOS274,van der Vyver et al,2012,Appl Veg Sci,Original Research Article,Y,Y,Y,Y,N,Y,N,N,
WOS275,Ding et al,2012,Polish J Ecol,Original Research Article,Y,Y,Y,Y,N,Y,N,N,
WOS276,Floder and Hillebrand,2012,Aquatic Biol,Original Research Article,Y,N,Y,Y,N,N,N,N,experiment involves phytoplankton species
WOS277,Stockenreiter et al,2012,J Appl Phyc,Original Research Article,Y,N,Y,Y,N,Y,N,N,experiment involves algal species
WOS278,Muller et al,2012,J Animal Ecol,Original Research Article,Y,N,Y,Y,N,N,N,N,experiment involves protozoan species in cultures
WOS279,Moore et al,2012,Forest Ecol Manag,Original Research Article,Y,Y,Y,Y,Y,Y,N,Y,
WOS280,Xie et al,2011,PNAS,Original Research Article,Y,Y,Y,N,Y,Y,N,N,
WOS281,Schiebe et al,2011,J Appl Entol,Original Research Article,Y,Y,Y,N,N,N,Y,N,
WOS282,Picasso et al,2011,Renew Agri Food Systems,Original Research Article,Y,Y,Y,Y,N,Y,N,N,
WOS283,Roscher et al,2011,J Ecol,Original Research Article,Y,Y,Y,Y,N,Y,N,N,
WOS284,Isbell and Wilsey,2011,Plant Ecology,Original Research Article,Y,Y,Y,Y,N,Y,N,N,
WOS285,Karlson et al,2011,Oecologia,Original Research Article,Y,N,Y,Y,N,N,N,N,
WOS286,Gamfeldt and Hillebrand,2011,PLOS ONE,Original Research Article,Y,N,Y,Y,N,N,N,N,experiment involves algal species
WOS287,Vos et al,2011,Oikos,Original Research Article,Y,Y,Y,Y,N,Y,N,N,
WOS288,Hargrave et al,2011,Ecology,Original Research Article,Y,N,N,N,N,N,N,N,
WOS289,Burgmer and Hillebrand,2011,Oikos,Original Research Article,Y,N,Y,N,N,Y,N,N,
WOS290,Potvin et al,2011,Forest Ecol Manag,Original Research Article,Y,Y,Y,Y,N,Y,N,Y,
WOS291,Roscher et al,2011,Annals of Botany,Original Research Article,Y,Y,Y,Y,Y,Y,N,Y,
WOS292,Xu et al,2011,J Food Agri Env,Original Research Article,Y,Y,Y,N,N,N,N,N,
WOS293,Behl et al,2011,Lim Ocean,Original Research Article,Y,N,Y,Y,Y,Y,N,N,experiment involves phytoplankton species
WOS294,Mangan et al,2011,Agronom J,Original Research Article,Y,Y,Y,Y,N,Y,N,N,
WOS295,Hughes and Stachowicz,2011,J Ecol,Original Research Article,Y,Y,Y,Y,N,Y,N,N,
WOS296,Mayene_and_Hester,2011,Restor Ecol,Original Research Article,Y,Y,Y,Y,N,Y,N,Y,
WOS297,Partzsch et al,2011,Folia Geobotanica,Original Research Article,Y,Y,Y,N,N,N,N,N,
WOS298,Poltak and Cooper,2011,ISME Journal,Original Research Article,Y,N,N,N,N,Y,N,N,experiment involves bacteria species
WOS299,Plath et al,2011,Forest Ecol Manag,Original Research Article,Y,Y,Y,Y,N,Y,Y,Y,
WOS300,Nyfeler et al,2011,Agr Eco Env,Original Research Article,Y,Y,Y,Y,Y,Y,N,N,
WOS301,Partzch,2011,Flora,Original Research Article,Y,Y,Y,Y,N,Y,N,Y,
WOS302,Roscher et al,2011,Pers Ecol Evol Syst,Original Research Article,Y,Y,Y,Y,N,Y,N,N,
WOS303,McLenaghan et al,2011,Marine Ecol Prog Series,Original Research Article,Y,N,Y,Y,Y,Y,N,N,experiment involves macroalgae species
WOS304,Lipowsky et al,2011,Basic Appl Ecol,Original Research Article,Y,Y,Y,Y,N,Y,N,N,
WOS305,Letourneau et al,2011,Ecol Appl,Original Research Article,Y,Y,Y,Y,N,N,Y,N,meta-analysis
WOS306,Haddad et al,2011,Ecol Lett,Original Research Article,Y,Y,Y,Y,N,N,Y,N,
WOS307,Hamerlynck et al,2011,Hydro Sci J,Original Research Article,Y,N,Y,N,N,N,N,N,aquatic ecosystem
WOS308,Sohlenius et al,2011,Nematology,Original Research Article,Y,Y,Y,Y,N,N,Y,Y,
WOS309,Antoninka et al,2011,New Phytologist,Original Research Article,Y,Y,Y,Y,N,Y,Y,N,
WOS310,Snapp et al,2010,PNAS,Original Research Article,Y,Y,Y,Y,N,Y,N,N,
WOS311,Berger et al,2010,Field Crops Research,Original Research Article,Y,Y,Y,Y,N,Y,N,N,
WOS312,Wimp et al,2010,Ecology,Original Research Article,Y,Y,Y,N,N,N,Y,N,
WOS313,Costantini et al,2010,Freshwater Biol,Original Research Article,Y,N,Y,Y,N,Y,N,N,
WOS314,Malchair et al,2010,Soil Boil Biochem,Original Research Article,Y,Y,Y,Y,Y,Y,Y,Y,
WOS315,Zhu et al,2010,Ecol Eng,Original Research Article,Y,Y,Y,Y,Y,Y,N,N,
WOS316,Brown et al,2010,J Econ Entom,Original Research Article,Y,Y,Y,N,N,N,N,N,
WOS317,Zeugin et al,2010,Forest Ecol Manag,Original Research Article,Y,Y,Y,Y,Y,Y,N,Y,
WOS318,Nagase and Dunnett,2010,Landsc Urban Plan,Original Research Article,Y,Y,Y,Y,N,Y,N,N,
WOS319,Dzialwoski,2010,Hydrobiologia,Original Research Article,Y,N,Y,Y,N,N,N,N,experiment involves zooplankton species
WOS320,Mommer et al,2010,J Ecol,Original Research Article,Y,Y,Y,Y,N,Y,N,N,
WOS321,Snapp et al,2010,Agr Eco Env,Original Research Article,Y,Y,Y,Y,Y,Y,N,N,
WOS322,Fridley and Grime,2010,Ecology,Original Research Article,Y,Y,Y,Y,N,Y,N,N,
WOS323,van Eekeren et al,2010,Appl Soil Ecol,Original Research Article,Y,Y,Y,Y,N,Y,N,N,
WOS324,Matthiessen et al,2010,Ecology,Original Research Article,Y,N,N,N,Y,N,N,N,experiment involves marine benthic microalgae species
WOS325,Scherber et al,2010,Oecologia,Original Research Article,Y,Y,Y,Y,N,Y,Y,N,
WOS326,Dias et al,2010,Oecologia,Original Research Article,Y,Y,Y,Y,Y,Y,N,N,
WOS327,Dijkstra et al,2010,Soil Boil Biochem,Original Research Article,Y,Y,Y,Y,Y,Y,N,N,
WOS328,Nitschke et al,2010,J Plant Ecol,Original Research Article,Y,Y,Y,Y,N,Y,N,Y,
WOS329,Bishop et al,2010,Oecologia,Original Research Article,Y,N,N,N,N,Y,N,N,
WOS330,Lamosova et al,2010,Acta Oecologica,Original Research Article,Y,Y,Y,Y,N,Y,N,N,
WOS331,Parker et al,2010,Ecol Lett,Original Research Article,Y,Y,Y,Y,N,Y,N,N,
WOS332,DeHaan et al,2010,Agr Eco Env,Original Research Article,Y,Y,Y,Y,N,Y,N,Y,
WOS333,Vellend et al,2010,Oecologia,Original Research Article,Y,Y,Y,Y,N,Y,N,N,
WOS334,Ladygina et al,2010,Soil Boil Biochem,Original Research Article,Y,Y,Y,y,N,N,Y,N,
WOS335,Jiang et al,2010,Allelopathy J,Original Research Article,Y,N,Y,N,N,N,N,N,
WOS336,Sanderson ,2010,Basic Appl Ecol,Original Research Article,Y,Y,Y,Y,N,Y,N,N,
WOS337,Schmidtke et al,2010,Ecology,Original Research Article,Y,N,Y,Y,N,Y,N,N,marine ecosystem
WOS338,Stefani and Hamelin,2010,Env Reviews,Review Article,Y,Y,,,,,,,
WOS339,Kotowska et al,2010,J Ecol,Original Research Article,Y,Y,Y,Y,N,Y,N,N,
WOS340,Griffin et al,2010,Marine Ecol Prog Series,Original Research Article,Y,N,Y,Y,N,Y,N,N,experiment involves molluscan grazers 
WOS341,Hughes et al,2010,Marine Ecol Prog Series,Original Research Article,Y,N,Y,Y,N,N,N,N,marine ecosystem; experiment involves seagrass species; genotypic diversity
WOS342,Moran et al,2010,Marine Ecol Prog Series,Original Research Article,Y,N,Y,Y,N,N,N,N,marine ecosystem; experiment involves algal species
WOS343,Oelmann et al,2010,Plant Soil,Original Research Article,Y,Y,Y,Y,Y,Y,N,Y,
WOS344,Hosseini et al,2010,Polish J Ecol,Original Research Article,Y,Y,Y,Y,Y,Y,N,N,
WOS345,Slawinski et al,2009,Proceed Ecopol,Conference Paper,N,Y,,,,,,,
WOS346,Young et al,2009,Restor Ecol,Original Research Article,Y,Y,Y,Y,N,Y,N,N,
WOS347,Griffin et al,2009,Oikos,Original Research Article,N,N,Y,Y,N,N,N,N,marine ecosystem; experiment involves molluscan grazers 
WOS348,Zhang et al,2009,Weed Biol Manag,Original Research Article,Y,Y,Y,Y,N,Y,N,N,
WOS349,Isbell et al,2009,Ecology,Original Research Article,Y,Y,Y,Y,N,Y,N,N,
WOS350,Marquard et al,2009,J Ecol,Original Research Article,Y,Y,Y,Y,N,Y,N,Y,
WOS351,McKie et al,2009,Oecologia,Original Research Article,Y,Y,Y,Y,N,Y,N,N,
WOS352,Daneshgar and Jose,2009,Biol Invasions,Original Research Article,Y,Y,Y,Y,N,Y,N,N,
WOS353,Bessler et al,2009,Ecology,Original Research Article,Y,Y,Y,Y,N,Y,N,Y,
WOS354,Nyfeler et al,2009,J Appl Ecol,Original Research Article,Y,Y,Y,Y,N,Y,N,N,
WOS355,Wacker et al,2009,J Plant Ecol,Original Research Article,Y,Y,Y,Y,N,Y,N,Y,
WOS356,Ball et al,2009,Soil Boil Biochem,Original Research Article,Y,Y,Y,Y,N,Y,Y,N,
WOS357,Chifflot et al,2009,Agr Eco Env,Original Research Article,Y,Y,Y,Y,Y,N,Y,N,
WOS358,Wilsey et al,2009,Ecol Lett,Original Research Article,Y,Y,Y,Y,N,Y,N,N,
WOS359,Frankow-Lingberg et al,2009,Annals of Botany,Original Research Article,Y,Y,Y,Y,N,Y,N,N,
WOS360,Togni et al,2009,Horticultura Brasileira,Original Research Article,Y,Y,Y,N,,,,,can access article; but it's written in another language (besides English)
WOS361,Valdivia et al,2009,J Sea Research,Original Research Article,Y,N,Y,Y,N,N,N,N,marine ecosystem; experiment involves molluscan grazers 
WOS362,Assaf and Isselstein,2009,Crop Sci,Original Research Article,Y,Y,Y,Y,Y,Y,N,Y,
WOS363,Wacker et al,2009,Ecology,Original Research Article,Y,Y,Y,Y,N,Y,N,N,
WOS364,dos Santos et al,2009,Marine Biol,Original Research Article,Y,N,N,N,N,N,N,N,marine ecosystem; experiment involves nematode species
WOS365,Fornara and Tilman,2009,Ecology,Original Research Article,Y,Y,Y,Y,Y,Y,N,Y,
WOS366,Urabe and Waki,2009,Glob Change Biol,Original Research Article,Y,N,Y,Y,N,N,N,N,marine ecosystem; experiment involves algal species
WOS367,Cho et al,2009,IEEE Int GeoSci Remote Sense Symp,Conference Paper,N,,,,,,,,conference paper
WOS368,Malezieux et al,2009,Agronom Sust Develop,Review Article,Y,Y,N,N,N,N,N,N,
WOS369,Straight and Kolter,2009,Ann Rev Microbiol,Review Article,Y,N,N,N,N,N,N,N,
WOS370,Weigelt et al,2009,Biogeosciences,Original Research Article,Y,Y,Y,Y,N,Y,N,Y,
WOS371,Connolly et al,2009,Irish J Agri Food Research,Original Research Article,Y,Y,Y,Y,N,Y,N,N,
WOS372,Salo et al,2009,Marine Ecol Prog Series,Original Research Article,Y,N,Y,Y,Y,Y,N,N,marine ecosystem; involves plants though
WOS373,Godbold et al,2009,Oikos,Original Research Article,Y,N,Y,Y,N,Y,Y,N,
WOS374,Stachowicz et al,2008,Ecology,Original Research Article,Y,N,Y,Y,N,Y,N,N,
WOS375,Dybzinski et al,2008,Oecologia,Original Research Article,Y,Y,Y,Y,N,Y,N,Y,
WOS376,Martina et al,2008,Amer Midland Natural,Original Research Article,Y,Y,Y,N,Y,Y,N,N,
WOS377,Petermann et al,2008,Ecology,Original Research Article,Y,Y,Y,N,N,Y,N,N,
WOS378,Bruno et al,2008,Ecology,Original Research Article,Y,N,Y,Y,N,Y,N,N,
WOS379,Healy et al,2008,J Ecol,Original Research Article,Y,Y,Y,Y,Y,Y,N,N,
WOS380,Vojtech et al,2008,Oikos,Original Research Article,Y,Y,Y,Y,Y,Y,N,N,
WOS381,Dassler et al,2008,Plant Biol,Original Research Article,Y,Y,Y,Y,N,Y,N,N,
WOS382,Isbell et al,2008,Oikos,Original Research Article,Y,Y,Y,Y,N,Y,N,N,
WOS383,Douglass et al,2008,Ecol Lett,Original Research Article,Y,N,Y,Y,N,N,N,N,marine ecosystem
WOS384,Schmid et al,2008,J Plant Ecol,Original Research Article,Y,Y,Y,Y,N,Y,N,N,
WOS385,Niu et al,2008,J Plant Ecol,Original Research Article,Y,Y,Y,Y,N,Y,N,N,
WOS386,Vehvilainen et al,2008,Oikos,Original Research Article,Y,Y,Y,Y,N,N,Y,N,meta-analysis
WOS387,Mozdzer et al,2008,Restor Ecol,Original Research Article,Y,Y,Y,N,N,Y,N,N,
WOS388,Roscher et al,2008,J Ecol,Original Research Article,Y,Y,Y,Y,Y,Y,N,Y,
WOS389,Unsicker et al,2008,Oecologia,Original Research Article,Y,Y,y,Y,N,Y,Y,N,
WOS390,Verheyen et al,2008,Oecologia,Original Research Article,Y,Y,Y,Y,Y,Y,Y,N,
WOS391,Smith et al,2008,Ecosystems,Original Research Article,Y,Y,Y,Y,Y,Y,N,N,
WOS392,Bishop et al,2008,Oikos,Original Research Article,Y,Y,Y,Y,N,Y,Y,N,
WOS393,Stamps et al,2008,Agr Eco Env,Original Research Article,Y,Y,Y,Y,N,Y,N,N,
WOS394,Potvin and Gotelli,2008,Ecol Lett,Original Research Article,Y,Y,Y,Y,N,Y,N,N,
WOS395,Ball et al,2008,J Ecol,Original Research Article,Y,Y,Y,Y,N,Y,N,N,
WOS396,Fornara and Tilman,2008,J Ecol,Original Research Article,Y,Y,Y,Y,Y,Y,N,Y,
WOS397,von Felten et al,2008,J Plant Ecol,Original Research Article,Y,Y,Y,Y,N,Y,N,N,
WOS398,Crutsinger et al,2008,Oikos,Original Research Article,Y,Y,Y,Y,N,Y,Y,N,
WOS399,da Silva et al,2008,Acta Scientiarum-Agronom,Original Research Article,Y,Y,Y,N,,,,,can access article; but it's written in another language (besides English)
WOS400,Wacker et al,2008,Basic Appl Ecol,Original Research Article,Y,Y,Y,Y,N,Y,N,N,
WOS401,Thein et al,2008,Basic Appl Ecol,Original Research Article,Y,Y,Y,Y,N,Y,N,Y,
WOS402,Dzialowski and Smith,2008,Freshwater Biol,Original Research Article,N,N,Y,Y,N,Y,N,N,freshwater ecosystem
WOS403,Lorentzen et al,2008,Pers Ecol Evol Syst,Original Research Article,Y,Y,Y,Y,N,Y,N,Y,
WOS404,Augustynowicz et al,2007,Polish J Env Studies,Original Research Article,Y,N,N,N,N,N,N,N,involves bacteria cultures
WOS405,Welsch and Yavitt,2007,Euro J Soil Sci,Original Research Article,Y,Y,Y,N,Y,N,Y,N,
WOS406,Roscher et al,2007,Oecologia,Original Research Article,Y,Y,Y,Y,N,Y,N,Y,
WOS407,Scherer-Lorenzen et al,2007,Oikos,Original Research Article,Y,Y,Y,Y,N,Y,N,N,
WOS408,Cardinale et al,2007,PNAS,Original Research Article,Y,Y,Y,Y,N,Y,N,N,
WOS409,Yang et al,2007,Appl Soil Ecol,Original Research Article,Y,Y,Y,Y,Y,Y,Y,N,
WOS410,Raberg and Kautsky,2007,Ecology,Original Research Article,Y,N,Y,Y,N,Y,N,N,marine ecosystem
WOS411,Smith and Gross,2007,J Appl Ecol,Original Research Article,Y,Y,Y,Y,Y,Y,N,N,
WOS412,Kubartova et al,2007,Microb Ecol,Original Research Article,Y,Y,Y,N,Y,N,Y,N,
WOS413,Zhang and Zhang,2007,Oikos,Original Research Article,Y,N,Y,Y,N,Y,N,N,marine ecosystem
WOS414,Gielen et al,2007,Physio Plant,Original Research Article,Y,Y,Y,Y,N,Y,N,N,
WOS415,Zhang and Zhang,2007,Acta Oecologica,Original Research Article,Y,N,Y,Y,N,Y,N,N,aquatic ecosystem; involves algal species
WOS416,Dampier et al,2007,Biodiversity and Conservation,Original Research Article,Y,Y,Y,N,N,N,N,N,
WOS417,Wojdak and Mittelbach,2007,Ecology,Original Research Article,Y,N,Y,Y,N,Y,N,N,"involves snails, not plants"
WOS418,Roscher et al,2007,Oecologia,Original Research Article,Y,Y,Y,Y,N,Y,N,N,
WOS419,Karanika et al,2007,Plant Soil,Original Research Article,Y,Y,Y,Y,Y,Y,N,N,
WOS420,Heisse et al,2007,Oecologia,Original Research Article,Y,Y,Y,N,N,Y,N,N,
WOS421,Kirwan et al,2007,J Ecol,Original Research Article,Y,Y,Y,Y,N,Y,N,N,
WOS422,Weis et al,2007,Ecology,Original Research Article,Y,N,Y,Y,N,Y,N,N,aquatic ecosystem; involves algal species
WOS423,Maestre and Reynolds,2007,Oecologia,Original Research Article,Y,Y,Y,Y,N,Y,N,Y,
WOS424,Bharadwaj et al,2007,Appl Soil Ecol,Original Research Article,Y,Y,Y,N,N,N,N,N,
WOS425,Mwangi et al,2007,J Ecol,Original Research Article,Y,Y,Y,Y,N,Y,N,N,
WOS426,De Boeck et al,2007,New Phytologist,Original Research Article,Y,Y,Y,Y,Y,Y,N,N,
WOS427,Losure et al,2007,Oikos,Original Research Article,Y,Y,Y,Y,N,Y,N,Y,
WOS428,Fox,2006,Ecology,Original Research Article,Y,N,N,N,N,N,N,N,no original empirical data
WOS429,Armbrecht et al,2006,Ecol Entom,Original Research Article,Y,Y,Y,N,N,N,N,N,
WOS430,Min et al,2006,J Animal Sci,Original Research Article,Y,Y,Y,N,N,N,N,N,experiment involves only bacteria cultures
WOS431,Bruno et al,2006,Oikos,Original Research Article,Y,N,Y,Y,N,Y,N,N,aquatic ecosystem; involves algal species
WOS432,De Boeck et al,2006,Plant Soil,Original Research Article,Y,Y,Y,Y,Y,Y,N,N,
WOS433,Bezemer et al,2006,J Ecol,Original Research Article,Y,Y,Y,N,Y,Y,N,N,
WOS434,Carney et al,2006,Microb Ecol,Original Research Article,Y,Y,Y,Y,Y,N,Y,N,
WOS435,Loranger-Merciris et al,2006,Soil Boil Biochem,Original Research Article,Y,Y,Y,Y,N,Y,Y,N,
WOS436,Hijri et al,2006,Mol Ecol,Original Research Article,Y,Y,Y,Y,N,N,Y,N,
WOS437,De Boeck et al,2006,Oikos,Original Research Article,Y,Y,Y,Y,N,Y,N,N,
WOS438,Wardle et al,2006,Soil Boil Biochem,Original Research Article,Y,Y,Y,Y,N,N,Y,N,
WOS439,Duarte et al,2006,Oecologia,Original Research Article,Y,Y,Y,Y,N,Y,Y,N,
WOS440,Niklaus et al,2006,Plant and Soil,Original Research Article,Y,Y,Y,Y,Y,Y,Y,Y,
WOS441,Scherber et al,2006,Oecologia,Original Research Article,Y,Y,Y,Y,N,Y,Y,N,
WOS442,Passarge et al,2006,Ecol Monographs,Original Research Article,Y,N,Y,N,Y,Y,N,N,aquatic ecosystem; involves algal species
WOS443,Lanta and Jeps,2006,Acta Oecologica,Original Research Article,Y,Y,Y,Y,N,Y,N,N,
WOS444,Harpole and Tilman,2006,Ecol Lett,Original Research Article,Y,Y,Y,Y,N,Y,N,N,
WOS445,Johnson et al,2006,Ecol Lett,Original Research Article,Y,Y,Y,Y,N,N,Y,N,
WOS446,O'Reilly et al,2006,Marine Ecol Prog Series,Original Research Article,Y,N,Y,Y,N,N,N,N,aquatic ecosystem
WOS447,Beckage and Gross,2006,New Phytologist,Original Research Article,Y,Y,Y,Y,N,Y,N,N,
WOS448,Turnbull et al,2005,J Ecol,Original Research Article,Y,Y,Y,Y,N,Y,N,N,
WOS449,Rixen and Mulder,2005,Oecologia,Original Research Article,Y,Y,Y,Y,Y,Y,N,N,
WOS450,Orwin and Wardle,2005,Plant Soil,Original Research Article,Y,Y,Y,Y,Y,Y,Y,N,
WOS451,Bruno et al,2005,Ecol Lett,Original Research Article,Y,N,Y,Y,N,Y,N,N,aquatic ecosystem; involves algal species
WOS452,Steiner et al,2005,Oikos,Original Research Article,Y,N,Y,Y,N,Y,N,N,aquatic ecosystem; involves algal species
WOS453,Sheley and Carpinelli,2005,Rangeland Eco Manag,Original Research Article,Y,Y,Y,Y,N,Y,N,N,
WOS454,Palmborg et al,2005,Oikos,Original Research Article,Y,Y,Y,Y,Y,Y,N,Y,
WOS455,Caldeira et al,2005,Oikos,Original Research Article,Y,Y,Y,Y,Y,Y,N,Y,
WOS456,Fargione et al,2005,Ecol Lett,Original Research Article,Y,Y,Y,Y,Y,Y,N,N,
WOS457,Roscher et al,2005,Ecol Lett,Original Research Article,Y,Y,Y,Y,N,Y,N,N,
WOS458,Dimitraokopoulos et al,2005,Oecologia,Original Research Article,Y,Y,Y,Y,N,Y,N,N,
WOS459,Chen et al,2005,Appl Soil Ecol,Original Research Article,Y,Y,Y,Y,N,N,Y,N,
WOS460,Bonkowski and Roy,2005,Oecologia,Original Research Article,Y,Y,Y,Y,N,Y,Y,N,
WOS461,Spehn et al,2005,Eco Monographs,Original Research Article,Y,Y,Y,Y,Y,Y,N,N,
WOS462,Schlapfer et al,2005,J Appl Ecol,Original Research Article,Y,Y,Y,Y,N,Y,N,N,
WOS463,He et al,2005,Basic Appl Ecol,Original Research Article,Y,Y,Y,Y,N,Y,N,N,
WOS464,Michiels et al,2005,Oecologia,Original Research Article,Y,N,N,N,N,N,N,N,aquatic ecosystem; involves nematode species
WOS465,Bartelt-Ryser et al,2004,Pers Ecol Evol Syst,Original Research Article,Y,Y,Y,Y,N,Y,Y,N,
WOS466,Mulder et al,2004,Oikos,Original Research Article,Y,Y,Y,Y,N,Y,N,N,
WOS467,De Dyn et al,2004,Oikos,Original Research Article,Y,Y,Y,Y,N,Y,Y,N,
WOS468,HilleRisLambers et al,2004,Ecol Lett,Original Research Article,Y,Y,Y,Y,N,Y,Y,N,
WOS469,Sanderson et al,2004,Crop Sci,Review Article,Y,Y,Y,Y,N,Y,N,N,
WOS470,Tracy and Sanderson,2004,Agr Eco Env,Original Research Article,Y,Y,Y,Y,N,Y,N,N,
WOS471,Gollotte et al,2004,Mycorrhiza,Original Research Article,Y,Y,Y,N,N,N,Y,N,
WOS472,Loreau,2004,Oikos,Forum ,Y,N,N,N,N,N,N,N,forum paper; no original empirical data
WOS473,Fox,2004,Ecology,Original Research Article,Y,N,Y,Y,N,Y,N,N,aquatic ecosystem; involves algal species
WOS474,Roscher et al,2004,Basic Appl Ecol,Original Research Article,Y,Y,Y,Y,Y,Y,N,N,BIODEPTH experiment
WOS475,Homewood,2004,Env Sci Policy,Review Article,Y,Y,N,,,,,,
WOS476,Fox,2004,J Animal Ecol,Original Research Article,Y,N,Y,Y,N,N,N,N,
WOS477,Baumann et al,2004,Sustain Horticul Syst 21st Cent,Book Chapter,N,,,,,,,,no access to article (online or PDF); unable to read the methods section
WOS478,Wardle et al,2003,Oikos,Original Research Article,Y,Y,Y,Y,N,Y,Y,N,
WOS479,Scherer-Lorenzen et al,2003,Ecology,Original Research Article,Y,Y,Y,Y,Y,Y,N,Y,
WOS480,Fridley,2003,J Ecol,Original Research Article,Y,Y,Y,Y,N,Y,N,Y,
WOS481,Peeters et al,2003,Agr Eco Env,Original Research Article,Y,Y,Y,N,N,N,N,N,
WOS482,Polley et al,2003,Ecol Lett,Original Research Article,Y,Y,Y,Y,N,Y,N,Y,
WOS483,Wolf et al,2003,New Phytologist,Original Research Article,Y,Y,Y,Y,N,N,Y,N,
WOS484,Di Giulio et al,2003,Ecol Entom,Original Research Article,Y,Y,Y,Y,N,N,Y,N,
WOS485,Jactel et al,2002,J Appl Ecol,Original Research Article,Y,Y,Y,N,N,N,N,N,
WOS486,Spehn et al,2002,Oikos,Original Research Article,Y,Y,Y,Y,Y,Y,N,N,
WOS487,Troumbis et al,2002,Oikos,Original Research Article,Y,Y,Y,Y,Y,Y,N,N,
WOS488,Hector et al,2002,Ecol Lett,Original Research Article,Y,Y,Y,Y,N,Y,N,N,
WOS489,Fridley,2002,Oecologia,Original Research Article,Y,Y,Y,Y,N,Y,N,N,
WOS490,Mitchell et al,2002,Ecology,Original Research Article,Y,Y,Y,Y,N,Y,Y,N,
WOS491,Warren et al,2002,Oecologia,Original Research Article,Y,Y,Y,Y,N,Y,N,N,
WOS492,Dukes,2002,Ecol Appl,Original Research Article,Y,Y,Y,Y,N,Y,N,N,
WOS493,Adler et al,2002,Oikos,Original Research Article,Y,Y,Y,Y,N,Y,N,N,
WOS494,Spaekova and Jeps,2001,Ecol Lett,Original Research Article,Y,Y,Y,Y,N,Y,N,N,
WOS495,Tilman et al,2001,Science,Original Research Article,Y,Y,Y,Y,N,Y,N,N,
WOS496,Caldeira et al,2001,Ecol Lett,Original Research Article,Y,Y,Y,Y,Y,N,N,N,
WOS497,Dukes,2001,Oikos,Original Research Article,Y,Y,Y,Y,Y,Y,N,N,
WOS498,Reich et al,2001,Nature,Original Research Article,Y,Y,Y,Y,N,Y,N,N,
WOS499,Mulder et al,2001,PNAS,Original Research Article,Y,Y,Y,Y,N,Y,N,N,
WOS500,Martin-Laurent et al,2001,Appl Env Microbiol,Original Research Article,Y,Y,Y,N,N,N,N,N,
WOS501,Reich et al,2001,Nature,Original Research Article,Y,Y,Y,Y,N,Y,N,N,BioCON experiment
WOS502,Stoll and Prati,2001,Ecology,Original Research Article,Y,Y,Y,Y,N,Y,N,Y,
WOS503,Williams et al,2001,Agroforestry Syst,Original Research Article,Y,Y,Y,N,N,Y,N,N,
WOS504,Tickner et al,2001,Plant Invasive: Sp Ecol Ecosyst,Original Research Article,Y,N,N,N,N,N,N,N,
WOS505,Spehn et al,2000,Func Eco,Original Research Article,Y,Y,Y,Y,N,Y,N,N,
WOS506,Wardle et al,2000,Oikos,Original Research Article,Y,Y,Y,Y,N,Y,N,N,
WOS507,Spehn et al,2000,Plant Soil,Original Research Article,Y,Y,Y,Y,Y,Y,Y,Y,
WOS508,Nilsson et al,1999,Oikos,Original Research Article,Y,Y,Y,Y,N,Y,N,N,
WOS509,Palmer and Maurer,1997,J Veg Sci,Original Research Article,Y,Y,Y,Y,N,N,N,N,
WOS510,Garnier et al,1997,Acta Oecologica,Original Research Article,Y,Y,Y,Y,N,Y,N,N,
WOS511,Wardle and Nicholson,1996,Func Eco,Original Research Article,Y,Y,Y,Y,N,Y,Y,N,
WOS512,Delamo and Ramos,1993,Agroforestry Syst,Original Research Article,Y,Y,Y,Y,N,Y,N,N,
,,,,,,,,,,,,,
