"Cibola Survey, 2012",,,,,diamater at 30 cm (cm),
Block,Survey Date,Individual Genotype,Treatment,Number of Genotypes,Trunk 1 diameter (cm),trunk 2 diameter (cm)
1,41028,HP,HP,1,23,26.5
1,41028,CNWR,CNWR,1,31.5,
1,41028,OR,OR,1,18,
1,41028,HNWR,16,16,25,
1,41028,FC,FC,1,16,
1,41028,CW,CW,1,26.2,
1,41028,CW,CW,1,25,
1,41028,OV,OV,1,10.5,
1,41028,FC,FC,1,36.8,
1,41028,FC,FC,1,28.5,
1,41028,CW,CW,1,28,
1,41028,OV,OV,1,13.9,
1,41028,FC,FC,1,27.3,
1,41028,FC,FC,1,27.4,
1,41028,CW,CW,1,23.9,
1,41028,FC,FC,1,30.4,
1,41028,FC,FC,1,33.7,
1,41028,FC,FC,1,31.4,
1,41028,CW,CW,1,24.5,
1,41028,CW,CW,1,27,
1,41028,SP,SP,1,24.5,
1,41028,SP,SP,1,23.9,
1,41028,MC,MC,1,15,
1,41028,MC,MC,1,17.8,
1,41028,MC,8,8,22.3,
1,41028,SP,SP,1,31,
1,41028,MC,MC,1,17.1,
1,41028,HNWR,2,2,34.9,
1,41028,HNWR,2,2,30.7,
1,41028,SP,SP,1,27.9,
1,41028,SP,SP,1,24.7,
1,41028,MC,MC,1,5.1,
1,41028,MC,MC,1,20,
1,41028,MC,MC,1,20,
1,41028,MC,8,8,25.4,
1,41028,MC,MC,1,18.3,
1,41028,BD,BD,1,21.4,
1,41028,BD,BD,1,22,
1,41028,NCC,NCC,1,19.5,
1,41028,NCC,NCC,1,13.8,
1,41028,PNWR,PNWR,1,29.3,
1,41028,NCC,NCC,1,11.3,
1,41028,GR,GR,1,33.5,
1,41028,GR,GR,1,26,
1,41028,BD,BD,1,19,
1,41028,BD,BD,1,18.2,
1,41028,NCC,NCC,1,13.1,
1,41028,NCC,NCC,1,13.8,
1,41028,GR,GR,1,26.3,
1,41028,BD,BD,1,11.6,15
1,41028,BD,BD,1,20.6,
1,41028,BD,BD,1,20.8,
1,41028,CNWR,4,4,24.5,
1,41028,CNWR,4,4,25.7,
1,41028,FR,FR,1,15.2,
1,41028,FR,4,4,14.5,
1,41028,HNWR,HNWR,1,25.8,
1,41028,HNWR,HNWR,1,34,
1,41028,NCC,4,4,19.4,
1,41028,FR,FR,1,12.4,
1,41028,HNWR,HNWR,1,31.9,
1,41028,B161,B161,1,18,
1,41028,FC,4,4,27.1,
1,41028,CNWR,4,4,28,
1,41028,NCC,4,4,8.2,
1,41028,FR,FR,1,14.2,
1,41028,HNWR,HNWR,1,28,
1,41028,HNWR,HNWR,1,23.5,
1,41028,HNWR,HNWR,1,28,
2,41028,HNWR,HNWR,1,42.4,
2,41028,HNWR,HNWR,1,34.4,
2,41028,HNWR,HNWR,1,32.1,
2,41028,OR,OR,1,15.4,
2,41028,MC,MC,1,19.3,
2,41028,OR,OR,1,15.3,
2,41028,SP,16,16,25.1,
2,41028,HNWR,HNWR,1,35.1,
2,41028,HP,HP,1,42.3,
2,41028,NCC,NCC,1,10.1,
2,41028,HP,HP,1,32.1,
2,41028,PNWR,PNWR,1,30.5,
2,41028,NCC,NCC,1,11.2,
2,41028,NCC,NCC,1,14,
2,41028,HP,HP,1,26.3,
2,41028,HP,HP,1,23.5,
2,41028,HP,HP,1,29.1,
2,41028,NCC,NCC,1,13.9,
2,41028,HP,HP,1,28.5,
2,41028,HP,HP,1,16,27.4
2,41028,HP,HP,1,30.7,
2,41028,NCC,NCC,1,11.3,
2,41028,OR,2,2,14.3,
2,41028,OR,2,2,7.5,
2,41028,GR,2,2,23.2,
2,41028,CNWR,CNWR,1,33.7,
2,41028,OR,2,2,11.7,
2,41028,GR,2,2,27,
2,41028,GR,2,2,12.8,
2,41028,B161,B161,1,Dead,
2,41028,BD,BD,1,19.7,
2,41028,BD,BD,1,24.5,
2,41028,FR,FR,1,21,
2,41028,SP,SP,1,33.5,
2,41028,SP,SP,1,28.1,
2,41028,SP,SP,1,32.2,
2,41028,BD,BD,1,18.6,
2,41028,BD,BD,1,26.6,
2,41028,SP,SP,1,29.7,
2,41028,FC,FC,1,35.4,
2,41028,FC,FC,1,39.6,
2,41028,KT,KT,1,12.7,
2,41028,FC,FC,1,24,
2,41028,FC,FC,1,28.8,
2,41028,FC,FC,1,28,
3,41028,BD,BD,1,15.7,
3,41028,BD,BD,1,17,
3,41028,KT,KT,1,14.7,
3,41028,MC,16,16,20,
3,41028,BD,16,16,21.5,
3,41028,FR,FR,1,17.5,
3,41028,BD,BD,1,19,
3,41028,HNWR,16,16,36.7,
3,41028,BD,BD,1,13.1,
3,41028,BD,4,4,17.5,
3,41028,HNWR,HNWR,1,29,
3,41028,HNWR,HNWR,1,30,
3,41028,OR,OR,1,Dead,
3,41028,BD,4,4,20.6,
3,41028,OR,OR,1,Dead,
3,41028,OR,OR,1,Dead,
3,41028,OV,OV,1,16,
3,41028,OV,OV,1,15.7,
3,41028,OR,OR,1,Dead,
3,41028,OR,OR,1,Dead,
3,41028,BD,4,4,26.9,
3,41028,OV,OV,1,13,
3,41028,HNWR,HNWR,1,18.3,
3,41028,HNWR,HNWR,1,25.3,
3,41028,OR,OR,1,Dead,
3,41028,OR,OR,1,Dead,
3,41028,SP,SP,1,31.3,
3,41028,SP,SP,1,29.8,
3,41028,MC,MC,1,26.5,
3,41028,MC,MC,1,19.8,
3,41028,MC,MC,1,21.6,
3,41028,CNWR,CNWR,1,20.5,
3,41028,CW,2,2,20.6,
3,41028,CW,2,2,24.2,
3,41028,SP,SP,1,26.8,
3,41028,CNWR,CNWR,1,23.3,
3,41028,CW,2,2,25.2,
3,41028,SP,SP,1,33.8,
3,41028,SP,SP,1,22.1,
3,41028,MC,MC,1,19.5,
3,41028,CNWR,CNWR,1,14.1,
3,41028,PNWR,2,2,20.8,
3,41028,SP,SP,1,31.1,
3,41028,MC,MC,1,23.4,
3,41028,MC,MC,1,21.5,
3,41028,MC,MC,1,17.3,
3,41028,CNWR,CNWR,1,23,
3,41028,PNWR,2,2,Dead,
3,41028,B161,B161,1,11,
3,41028,FC,FC,1,21.3,
3,41028,FC,FC,1,18.4,
3,41028,FC,FC,1,23.2,
3,41028,CW,CW,1,15.8,18.2
3,41028,CW,CW,1,25.6,
3,41028,FC,FC,1,20.1,
3,41028,FC,FC,1,11.7,
3,41028,FC,FC,1,28.8,
3,41028,CW,CW,1,10.8,
3,41028,CW,CW,1,17.4,
3,41028,CW,CW,1,30.1,
3,41028,GR,GR,1,18,
3,41028,FC,FC,1,24.8,
3,41028,FC,FC,1,24.5,
3,41028,FC,FC,1,23.5,
3,41028,CW,CW,1,29.1,
3,41028,FC,FC,1,17.8,
3,41028,FC,FC,1,24.8,
3,41028,FC,FC,1,24.8,
3,41028,CW,CW,1,16.6,
3,41028,CW,CW,1,28.5,
3,41028,CW,8,8,21.1,
3,41028,PNWR,8,8,22.1,
3,41028,NCC,8,8,10,
3,41028,HP,HP,1,23.3,
3,41028,NCC,NCC,1,12.3,
3,41028,NCC,NCC,1,13.7,
3,41028,NCC,NCC,1,Dead,
3,41028,NCC,NCC,1,11.1,
3,41028,PNWR,PNWR,1,16.7,
3,41028,NCC,NCC,1,no data,
3,41028,NCC,NCC,1,13.8,
3,41028,NCC,NCC,1,9.6,
3,41028,PNWR,PNWR,1,20.9,
3,41028,PNWR,PNWR,1,25.5,
3,41028,HNWR,8,8,29.5,
3,41028,HP,HP,1,26.4,
3,41028,NCC,NCC,1,12.5,
3,41028,NCC,NCC,1,13.1,
3,41028,NCC,NCC,1,13.6,
3,41028,PNWR,PNWR,1,16.6,
3,41028,PNWR,PNWR,1,18.8,
3,41028,PNWR,8,8,26.2,
3,41028,B161,8,8,12,
3,41028,HP,HP,1,28,
3,41028,NCC,NCC,1,Dead,
3,41028,NCC,NCC,1,10,
3,41028,NCC,NCC,1,12.4,
3,41028,NCC,NCC,1,no data,
4,41028,KT,KT,1,dead,
4,41028,KT,KT,1,dead,
4,41028,KT,KT,1,dead,
4,41028,KT,KT,1,dead,
4,41028,KT,KT,1,dead,
4,41028,KT,KT,1,dead,
4,41028,KT,KT,1,dead,
4,41028,KT,KT,1,dead,
4,41028,KT,KT,1,dead,
4,41028,KT,KT,1,dead,
4,41028,KT,KT,1,dead,
4,41028,KT,KT,1,dead,
4,41028,NCC,NCC,1,8.1,
4,41028,NCC,NCC,1,10.57,
4,41028,B161,B161,1,dead,
4,41028,B161,B161,1,dead,
4,41028,B161,B161,1,dead,
4,41028,PNWR,PNWR,1,20.75,
4,41028,PNWR,PNWR,1,dead,
4,41028,PNWR,PNWR,1,20.6,
4,41028,PNWR,PNWR,1,27.65,
4,41028,B161,B161,1,dead,
4,41028,B161,B161,1,dead,
4,41028,B161,B161,1,dead,
4,41028,CW,CW,1,27.03,
4,41028,B161,B161,1,dead,
4,41028,B161,B161,1,dead,
4,41028,B161,B161,1,dead,
4,41028,PNWR,PNWR,1,25.62,
4,41028,OV,OV,1,dead,
4,41028,B161,B161,1,dead,
4,41028,B161,B161,1,dead,
4,41028,B161,B161,1,10.9,
4,41028,CW,CW,1,24,
4,41028,CW,CW,1,dead,
4,41028,BD,BD,1,14.89,
4,41028,FC,FC,1,28.9,
4,41028,FC,FC,1,9.1,
4,41028,FC,FC,1,25.75,
4,41028,HNWR,2,2,28.55,
4,41028,FR,2,2,12.25,
4,41028,BD,BD,1,27.46,
4,41028,BD,BD,1,23.65,
4,41028,FC,FC,1,15.5,
4,41028,FC,FC,1,24.34,
4,41028,FC,FC,1,19,
4,41028,HNWR,2,2,27.64,
4,41028,FC,FC,1,23.93,
4,41028,FC,FC,1,20.89,
4,41028,HNWR,2,2,25.1,
4,41028,FR,2,2,11.2,
4,41028,HNWR,2,2,26.8,
4,41028,FC,FC,1,27.69,
4,41028,FC,FC,1,21,
4,41028,FC,FC,1,23.2,
4,41028,FC,FC,1,19.6,
4,41028,HNWR,2,2,28.19,
4,41028,FR,2,2,8.5,
4,41028,FR,2,2,dead,
4,41028,FR,2,2,dead,
4,41028,HP,HP,1,23.46,
4,41028,HP,HP,1,20.07,
4,41028,CW,CW,1,25.9,
4,41028,HP,HP,1,24.34,
4,41028,HP,HP,1,22.81,
4,41028,HP,HP,1,10.5,
4,41028,HP,HP,1,26.6,
4,41028,HP,HP,1,20.58,
4,41028,MC,MC,1,dead,
4,41028,HP,HP,1,23.85,
4,41028,HP,HP,1,29.89,
4,41028,HP,HP,1,27,
4,41028,HP,HP,1,32.66,
4,41028,CNWR,CNWR,1,29.91,
4,41028,HNWR,HNWR,1,16.99,
4,41028,OR,OR,1,dead,
4,41028,HNWR,HNWR,1,36.2,
4,41028,HNWR,HNWR,1,dead,
4,41028,OR,OR,1,3.2,
4,41028,SP,SP,1,28.53,
4,41028,SP,SP,1,25,
4,41028,HNWR,HNWR,1,19.55,
4,41028,SP,SP,1,24,
4,41028,SP,SP,1,28.5,
4,41028,HNWR,HNWR,1,28.7,
4,41028,SP,SP,1,no data,
5,41028,MC,MC,1,21.2,
5,41028,PNWR,PNWR,1,9.3,
5,41028,PNWR,PNWR,1,dead,
5,41028,PNWR,PNWR,1,25.5,
5,41028,OR,OR,1,27.3,
5,41028,OR,OR,1,11.4,
5,41028,PNWR,PNWR,1,38.9,30.7
5,41028,OR,OR,1,13.8,
5,41028,OR,OR,1,14.8,
5,41028,SP,SP,1,26.5,
5,41028,FC,FC,1,22,
5,41028,FC,FC,1,25.9,
5,41028,SP,SP,1,11,
5,41028,OV,OV,1,6.1,
5,41028,FC,FC,1,39.2,
5,41028,FC,FC,1,28.6,
5,41028,MC,8,8,34.5,
5,41028,SP,SP,1,21,
5,41028,OV,OV,1,15,
5,41028,FC,FC,1,32,
5,41028,SP,8,8,15.9,
5,41028,FC,FC,1,32.7,
5,41028,FC,FC,1,31.9,
5,41028,FC,FC,1,34.3,
5,41028,HNWR,HNWR,1,27.9,
5,41028,HNWR,HNWR,1,27.7,
5,41028,HNWR,HNWR,1,32.2,
5,41028,OV,16,16,19.8,
5,41028,BD,BD,1,30.8,
5,41028,OR,OR,1,16.5,
5,41028,OR,OR,1,26.5,
5,41028,CNWR,CNWR,1,36,
5,41028,CNWR,CNWR,1,25.5,
5,41028,HP,HP,1,29.5,
5,41028,BD,BD,1,25.7,
5,41028,OR,OR,1,38.5,
5,41028,CNWR,CNWR,1,28,
5,41028,HP,HP,1,3.4,
5,41028,CNWR,CNWR,1,27.7,
5,41028,BD,BD,1,29.7,
5,41028,BD,BD,1,31.4,
5,41028,OR,OR,1,5.7,
5,41028,FR,4,4,16.1,
5,41028,CW,4,4,24.5,
5,41028,volunteer,volunteer,volunteer,35.3,
5,41028,B161,B161,1,12.3,
5,41028,CW,CW,1,27.8,
5,41028,CW,CW,1,27.6,
5,41028,CW,CW,1,26.5,
5,41028,CW,CW,1,23.2,
5,41028,CW,CW,1,29.4,
5,41028,CW,CW,1,26.5,
5,41028,CW,CW,1,28,
5,41028,CW,CW,1,21.2,
5,41028,CW,CW,1,37,
6,41028,KT,KT,1,5.4,
6,41028,OR,OR,1,9.5,
6,41028,OR,OR,1,6.8,
6,41028,OR,OR,1,7.5,
6,41028,CNWR,CNWR,1,23.5,
6,41028,CNWR,CNWR,1,26.6,
6,41028,CW,16,16,23.5,
6,41028,B161,16,16,11.5,
6,41028,MC,MC,1,8.4,
6,41028,MC,MC,1,17.9,
6,41028,MC,MC,1,17.7,
6,41028,MC,MC,1,17.1,
6,41028,MC,MC,1,13,
6,41028,MC,MC,1,21,
6,41028,HP,8,8,38.3,
6,41028,BD,8,8,7.5,
6,41028,FR,8,8,23.75,
6,41028,HP,HP,1,25.5,
6,41028,HP,HP,1,23.5,
6,41028,NCC,2,2,6.7,
6,41028,HP,2,2,21,
6,41028,NCC,2,2,10.25,
6,41028,HP,2,2,26,
6,41028,SP,4,4,20.8,
6,41028,OR,4,4,8,
6,41028,FR,FR,1,6,21
6,41028,CW,CW,1,17.5,
6,41028,CW,CW,1,22,
6,41028,CW,CW,1,17,
6,41028,CW,CW,1,18.2,
6,41028,HNWR,HNWR,1,12,7
6,41028,HNWR,HNWR,1,14.5,
6,41028,HNWR,HNWR,1,19,
6,41028,HNWR,HNWR,1,19,
6,41028,HNWR,HNWR,1,25.5,
6,41028,HNWR,HNWR,1,17.75,
6,41028,HNWR,HNWR,1,18,
6,41028,HNWR,HNWR,1,23.25,
6,41028,NCC,NCC,1,20.2,
6,41028,NCC,NCC,1,21.5,
6,41028,NCC,NCC,1,8.8,
6,41028,SP,4,4,DEAD,
6,41028,BD,BD,1,DEAD,
6,41028,BD,BD,1,DEAD,
6,41028,BD,BD,1,DEAD,
6,41028,BD,BD,1,DEAD,
6,41028,FR,FR,1,DEAD,
6,41028,FC,FC,1,DEAD,
6,41028,NCC,NCC,1,DEAD,
7,41028,FC,FC,1,31.3,
7,41028,FC,FC,1,28.5,
7,41028,FC,FC,1,14.8,
7,41028,FC,FC,1,30.2,
7,41028,FC,FC,1,22.9,
7,41028,FC,FC,1,32.4,
7,41028,FC,FC,1,24.7,
7,41028,FC,FC,1,22.9,
7,41028,FC,FC,1,18.6,
7,41028,FC,FC,1,17,
7,41028,FC,FC,1,23.9,
7,41028,FC,FC,1,22.7,
7,41028,FC,FC,1,18.6,
7,41028,FC,FC,1,13.2,
7,41028,HP,4,4,28.7,
7,41028,BD,4,4,15.1,
7,41028,GR,4,4,20.9,
7,41028,GR,4,4,24.9,
7,41028,FC,4,4,23.8,
7,41028,FC,4,4,21.3,
7,41028,CNWR,CNWR,1,18.4,
7,41028,CNWR,CNWR,1,20,
7,41028,CNWR,CNWR,1,DEAD,
7,41028,CNWR,CNWR,1,24.5,
7,41028,CNWR,CNWR,1,22,
7,41028,CNWR,CNWR,1,21.8,
7,41028,CNWR,CNWR,1,23.3,
7,41028,CNWR,CNWR,1,20.4,
7,41028,CNWR,CNWR,1,21,
7,41028,MC,MC,1,14.7,
7,41028,MC,MC,1,14.8,
7,41028,MC,MC,1,18.5,
7,41028,MC,MC,1,9.6,
7,41028,MC,MC,1,15,
7,41028,MC,MC,1,18.3,
7,41028,MC,MC,1,20.6,
7,41028,MC,MC,1,19.2,
7,41028,MC,MC,1,16.3,
7,41028,MC,MC,1,15.6,
7,41028,MC,MC,1,18,
7,41028,MC,MC,1,14.4,
7,41028,SP,8,8,26.1,
7,41028,CW,8,8,21.2,
7,41028,CW,8,8,29.8,
7,41028,OV,8,8,8.4,
7,41028,FC,8,8,27.7,
7,41028,GR,GR,1,4.9,
7,41028,GR,GR,1,25.2,
7,41028,GR,GR,1,16,
7,41028,GR,GR,1,25.8,
7,41028,GR,GR,1,19.4,
7,41028,GR,GR,1,15.2,
7,41028,FR,FR,1,14.8,
7,41028,FR,FR,1,11.8,
7,41028,FR,FR,1,13.4,7.4
7,41028,FR,FR,1,12.6,
7,41028,FR,FR,1,11.4,
7,41028,FR,FR,1,7.7,
7,41028,FR,FR,1,7.4,
7,41028,HNWR,HNWR,1,22.8,
7,41028,HNWR,HNWR,1,28.8,
7,41028,HNWR,HNWR,1,16.5,
7,41028,HNWR,HNWR,1,28.9,
7,41028,HNWR,HNWR,1,21.5,
7,41028,HNWR,HNWR,1,31.9,
7,41028,HNWR,HNWR,1,21.5,
7,41028,FC,2,2,23.7,
7,41028,MC,2,2,11.3,
7,41028,MC,2,2,29.9,
7,41028,FC,2,2,23.7,
7,41028,MC,2,2,13.9,
7,41028,MC,2,2,12.6,
7,41028,MC,2,2,DEAD,
7,41028,CW,CW,1,20.6,
7,41028,CW,CW,1,20.5,
7,41028,CW,CW,1,21.4,
7,41028,CW,CW,1,8.8,
7,41028,CW,CW,1,24.9,
7,41028,CW,CW,1,21.6,
7,41028,FC,16,16,18.8,
7,41028,NCC,16,16,9.5,
7,41028,OV,16,16,3.6,
7,41028,HNWR,16,16,22.8,
7,41028,B161,16,16,4.1,
7,41028,BD,BD,1,18.3,
7,41028,BD,BD,1,19.5,
7,41028,BD,BD,1,19.2,
7,41028,BD,BD,1,20.2,
7,41028,BD,BD,1,12.4,
7,41028,BD,BD,1,16,
7,41028,BD,BD,1,32.2,
7,41028,BD,BD,1,27.6,
7,41028,BD,BD,1,24.4,
7,41028,BD,BD,1,24.6,
7,41028,OV,OV,1,9,
7,41028,OV,OV,1,8.2,
7,41028,OV,OV,1,4.4,
7,41028,OV,OV,1,16.2,
7,41028,OR,OR,1,16.2,
7,41028,OR,OR,1,12.9,
7,41028,OR,OR,1,14.9,
7,41028,OR,OR,1,3.2,1.2
7,41028,OR,OR,1,6.3,
7,41028,OR,OR,1,8.9,
7,41028,SP,SP,1,30.8,
7,41028,SP,SP,1,27.7,
7,41028,SP,SP,1,15,
7,41028,SP,SP,1,24.3,
7,41028,SP,SP,1,26.4,
8,41028,FR,FR,1,16,
8,41028,HNWR,HNWR,1,18.5,
8,41028,OV,OV,1,17.3,
8,41028,OR,4,4,16.1,
8,41028,OV,OV,1,18.8,
8,41028,PNWR,4,4,22.7,
8,41028,OR,4,4,15.1,
8,41028,PNWR,4,4,24.5,
8,41028,FR,FR,1,9.5,
8,41028,volunteer,FR,1,32.5,
8,41028,OV,OV,1,14,
8,41028,OV,OV,1,9,
8,41028,OR,4,4,9.3,
8,41028,FR,4,4,14.6,
8,41028,PNWR,4,4,31.4,
8,41028,FR,FR,1,12.3,9.5
8,41028,FR,FR,1,8.7,
8,41028,HNWR,HNWR,1,24.3,
8,41028,HNWR,HNWR,1,31.6,
8,41028,OR,4,4,17.5,
8,41028,PNWR,PNWR,1,19.3,
8,41028,B161,B161,1,18,
8,41028,CW,CW,1,20.5,
8,41028,volunteer,CW,1,8.8,
8,41028,SP,SP,1,14.3,
8,41028,SP,SP,1,29.8,
8,41028,B161,B161,1,14.1,
8,41028,B161,B161,1,14.5,
8,41028,SP,SP,1,22,
8,41028,SP,SP,1,24.8,
8,41028,SP,SP,1,21.6,
8,41028,PNWR,PNWR,1,15.6,
8,41028,B161,B161,1,14.3,
8,41028,CW,CW,1,28.9,
8,41028,PNWR,PNWR,1,29.9,
8,41028,B161,B161,1,12.5,
8,41028,B161,B161,1,7.7,
8,41028,PNWR,16,16,27,
8,41028,FC,FC,1,23,
8,41028,FC,FC,1,24.4,
8,41028,FC,FC,1,30.5,
8,41028,volunteer,CNWR,1,10.6,
8,41028,CNWR,CNWR,1,25.2,
8,41028,CNWR,CNWR,1,27.5,
8,41028,CNWR,CNWR,1,26.8,
8,41028,NCC,NCC,1,12.5,
8,41028,NCC,NCC,1,11,
8,41028,FC,FC,1,28.2,
8,41028,CNWR,CNWR,1,28.2,
8,41028,CNWR,CNWR,1,22.7,
8,41028,SP,16,16,30.9,
8,41028,FC,FC,1,25.6,
8,41028,FC,FC,1,31.7,
8,41028,CNWR,CNWR,1,12,
8,41028,CNWR,CNWR,1,12.1,
8,41028,NCC,NCC,1,8.8,
8,41028,BD,16,16,14.3,
8,41028,HP,16,16,36.2,
8,41028,OR,16,16,12,
8,41028,FC,FC,1,15.7,
8,41028,MC,2,2,22,
8,41028,GR,GR,1,14.9,
8,41028,MC,8,8,25,
8,41028,MC,MC,1,15.5,
8,41028,HNWR,2,2,27.4,
8,41028,HNWR,2,2,24.8,
8,41028,MC,8,8,19.5,
8,41028,MC,MC,1,21.5,
8,41028,HNWR,2,2,35,
8,41028,MC,2,2,18.2,
8,41028,FR,8,8,13.1,
8,41028,volunteer,MC,1,5.8,
8,41028,BD,BD,1,21.3,
8,41028,BD,BD,1,15.5,
8,41028,BD,BD,1,18.3,
8,41028,OR,OR,1,4.8,
8,41028,HP,HP,1,25.2,
8,41028,BD,BD,1,18.9,
8,41028,BD,BD,1,14.5,
8,41028,OR,OR,1,11.1,
8,41028,OR,OR,1,21.9,
8,41028,HP,HP,1,16.8,
8,41028,volunteer,BD,1,4,
8,41028,BD,BD,1,16.4,
8,41028,OR,OR,1,17.3,
8,41028,BD,BD,1,17.3,
8,41028,BD,BD,1,14.9,
8,41028,OR,OR,1,17,
8,41028,FR,FR,1,DEAD,
8,41028,HNWR,HNWR,1,DEAD,
8,41028,HNWR,HNWR,1,DEAD,
8,41028,OR,OR,1,DEAD,
8,41028,OR,OR,1,DEAD,
9,41028,BD,BD,1,15.5,
9,41028,BD,BD,1,22.2,
9,41028,NCC,NCC,1,DEAD,
9,41028,NCC,NCC,1,DEAD,
9,41028,BD,BD,1,24,
9,41028,FC,FC,1,32.8,
9,41028,CW,16,16,30.1,
9,41028,SP,16,16,28.1,
9,41028,FC,FC,1,25.3,
9,41028,MC,MC,1,18.7,
9,41028,MC,MC,1,9.1,
9,41028,HP,16,16,30.5,
9,41028,OR,16,16,3.4,
9,41028,FC,FC,1,29.5,
9,41028,FC,FC,1,27.2,
9,41028,MC,MC,1,16.6,
9,41028,CNWR,16,16,33,
9,41028,GR,2,2,18.9,
9,41028,FR,FR,1,DEAD,
9,41028,GR,8,8,12.4,
9,41028,HNWR,8,8,30.4,
9,41028,HNWR,8,8,33,
9,41028,CNWR,8,8,19.3,
9,41028,FR,FR,1,11.6,
9,41028,SP,8,8,20.1,
9,41028,GR,GR,1,18.9,
9,41028,GR,GR,1,21.8,
9,41028,PNWR,PNWR,1,16.1,
9,41028,SP,SP,1,26.8,
9,41028,SP,SP,1,24.7,
9,41028,HNWR,HNWR,1,25,
9,41028,HNWR,HNWR,1,DEAD,
9,41028,HNWR,HNWR,1,DEAD,
9,41028,SP,SP,1,26.2,
9,41028,SP,SP,1,DEAD,
9,41028,HNWR,HNWR,1,23.7,
9,41028,HNWR,HNWR,1,30.8,
9,41028,PNWR,PNWR,1,20.8,
9,41028,SP,SP,1,17,
9,41028,HNWR,HNWR,1,11.3,
9,41028,HNWR,HNWR,1,14.3,
9,41028,PNWR,PNWR,1,14.9,
9,41028,PNWR,PNWR,1,10.4,
9,41028,SP,SP,1,31.8,
9,41028,SP,SP,1,18.7,
9,41028,SP,SP,1,22.3,
9,41028,HNWR,HNWR,1,23.2,
9,41028,HNWR,HNWR,1,20.9,
9,41028,CNWR,4,4,18.2,
9,41028,CW,CW,1,22.5,
9,41028,HNWR,4,4,25.1,
9,41028,NCC,4,4,3.9,
9,41028,CW,CW,1,6.8,
9,41028,HP,HP,1,20,
9,41028,HP,HP,1,13.3,
9,41028,HP,HP,1,25.2,
9,41028,FR,4,4,10,
9,41028,CW,CW,1,25.2,
9,41028,CW,CW,1,24.6,
9,41028,CW,CW,1,13.5,
9,41028,HP,HP,1,21,
9,41028,HP,HP,1,33.8,
9,41028,HNWR,4,4,33.1,
9,41028,CW,CW,1,21.2,
9,41028,CW,CW,1,27,
9,41028,HP,HP,1,27.3,
9,41028,HP,HP,1,22.3,
9,41028,HP,HP,1,27.1,
9,41028,HP,HP,1,3.6,
10,41028,BD,BD,1,24.4,
10,41028,CW,CW,1,36,
10,41028,OR,OR,1,8,
10,41028,OR,OR,1,14.5,
10,41028,OR,OR,1,17,
10,41028,PNWR,PNWR,1,15.8,
10,41028,PNWR,PNWR,1,30,
10,41028,BD,BD,1,24.7,
10,41028,CW,CW,1,30.4,
10,41028,CW,CW,1,26.8,
10,41028,CW,CW,1,33.4,
10,41028,PNWR,PNWR,1,35.7,
10,41028,CW,CW,1,26.1,
10,41028,BD,BD,1,25.2,
10,41028,CW,CW,1,20,
10,41028,CW,CW,1,15,
10,41028,CW,CW,1,35.9,
10,41028,CW,CW,1,18.75,
10,41028,OR,OR,1,14,
10,41028,OR,OR,1,DEAD,
10,41028,PNWR,PNWR,1,27,
10,41028,PNWR,PNWR,1,27.5,
10,41028,FC,FC,1,31,
10,41028,FC,FC,1,29.2,
10,41028,FC,FC,1,29.6,
10,41028,SP,SP,1,32,
10,41028,SP,SP,1,20.5,
10,41028,FC,4,4,33.5,
10,41028,FC,8,8,29.9,
10,41028,FC,8,8,31.4,
10,41028,FC,FC,1,19,
10,41028,FC,FC,1,14.3,
10,41028,MC,4,4,17.2,
10,41028,GR,4,4,21,
10,41028,SP,4,4,30,
10,41028,MC,4,4,23.5,
10,41028,PNWR,8,8,24.9,
10,41028,NCC,8,8,9.2,
10,41028,MC,8,8,24,
10,41028,FC,FC,1,33.5,
10,41028,FC,FC,1,25.4,
10,41028,SP,SP,1,23.5,
10,41028,SP,SP,1,19,
10,41028,FC,4,4,31.8,
10,41028,SP,4,4,20,
10,41028,CW,8,8,28,
10,41028,FC,FC,1,30.9,
10,41028,FC,FC,1,22.8,
10,41028,FC,FC,1,24.8,
10,41028,SP,SP,1,26.75,
10,41028,SP,SP,1,DEAD,
10,41028,SP,SP,1,24,
10,41028,MC,4,4,14.4,
10,41028,MC,4,4,25.7,
10,41028,BD,8,8,14.5,
10,41028,PNWR,8,8,22.4,
10,41028,CW,8,8,27.4,
10,41028,BD,16,16,22.5,
10,41028,OR,16,16,11.5,
10,41028,HNWR,HNWR,1,24.2,
10,41028,HNWR,HNWR,1,26.6,
10,41028,HNWR,HNWR,1,24.25,
10,41028,CNWR,CNWR,1,24.9,
10,41028,OV,OV,1,17.5,
10,41028,OV,OV,1,9.9,
10,41028,OV,OV,1,16.5,
10,41028,CW,16,16,27.5,
10,41028,FC,16,16,30.1,
10,41028,HNWR,HNWR,1,13.5,
10,41028,HNWR,HNWR,1,27.75,
10,41028,CNWR,CNWR,1,15,
10,41028,OV,OV,1,5.5,
10,41028,OV,OV,1,10,
10,41028,OV,OV,1,13,
10,41028,HNWR,HNWR,1,26,
10,41028,HNWR,HNWR,1,13,
10,41028,OV,OV,1,9,
10,41028,OV,OV,1,13.9,
10,41028,OV,OV,1,5,
10,41028,OV,OV,1,10.5,
10,41028,HP,16,16,28,
10,41028,SP,16,16,DEAD,
10,41028,B161,16,16,12.8,
10,41028,CNWR,16,16,5.9,
10,41028,HNWR,HNWR,1,29.4,
10,41028,HNWR,HNWR,1,22,
10,41028,HNWR,HNWR,1,28,
10,41028,CNWR,CNWR,1,24,
10,41028,OV,OV,1,9,
10,41028,OV,OV,1,10.9,
10,41028,OV,OV,1,24.5,
10,41028,NCC,NCC,1,5.5,
10,41028,HNWR,2,2,33.8,
10,41028,FC,2,2,19.7,
10,41028,HNWR,2,2,24,
10,41028,FC,2,2,24.6,
10,41028,NCC,NCC,1,8,
10,41028,FC,2,2,16.2,
10,41028,HNWR,2,2,19.8,
10,41028,HNWR,2,2,20.2,
10,41028,HNWR,2,2,24.2,
10,41028,NCC,NCC,1,5.9,
10,41028,GR,GR,1,24.5,
10,41028,FC,2,2,10.9,
10,41028,FC,2,2,27.5,
10,41028,NCC,NCC,1,7.5,
10,41028,GR,GR,1,22,
10,41028,GR,GR,1,19.2,
10,41028,HNWR,2,2,21.7,
10,41028,MC,MC,1,14.1,
10,41028,MC,MC,1,21,
10,41028,FR,FR,1,12.3,
10,41028,FR,FR,1,17.4,
10,41028,HP,HP,1,36.2,
10,41028,HP,HP,1,38.8,
10,41028,HP,HP,1,18.5,
10,41028,MC,MC,1,15.2,
10,41028,MC,MC,1,18.2,
10,41028,MC,MC,1,18,
10,41028,FR,FR,1,15.9,
10,41028,HP,HP,1,31.8,
10,41028,HP,HP,1,21.4,
10,41028,HP,HP,1,29.8,
10,41028,B161,B161,1,9.5,
10,41028,MC,MC,1,10.4,
10,41028,MC,MC,1,23,
10,41028,MC,MC,1,15.6,
10,41028,FR,FR,1,DEAD,
10,41028,HP,HP,1,29.3,
10,41028,HP,HP,1,21,
10,41028,HP,HP,1,31.4,
10,41028,B161,B161,1,7.1,
10,41028,B161,B161,1,9.8,
10,41028,MC,MC,1,14.1,
10,41028,MC,MC,1,13.6,
10,41028,MC,MC,1,18.7,
10,41028,MC,MC,1,DEAD,
10,41028,FR,FR,1,28.9,
11,41028,MC,2,2,8.4,
11,41028,CNWR,CNWR,1,17.9,
11,41028,FC,8,8,25.3,
11,41028,CW,2,2,15,19.5
11,41028,CW,2,2,Dead,
11,41028,BD,8,8,12.8,
11,41028,CNWR,8,8,9.6,
11,41028,CNWR,CNWR,1,24.5,
11,41028,CNWR,CNWR,1,21,
11,41028,FR,FR,1,9,
11,41028,CW,CW,1,24.8,
11,41028,FR,FR,1,8.5,
11,41028,FR,FR,1,13.8,
11,41028,B161,B161,1,5.8,
11,41028,CW,CW,1,31,
11,41028,OR,OR,1,Dead,
11,41028,OR,OR,1,Dead,
11,41028,FR,4,4,18.7,
11,41028,FC,FC,1,26.3,
11,41028,FC,FC,1,26.5,
11,41028,FC,FC,1,17.1,
11,41028,GR,16,16,17.5,
11,41028,PNWR,16,16,19.9,
11,41028,OV,4,4,Dead,
11,41028,FC,FC,1,17.5,
11,41028,FC,FC,1,22,
11,41028,OR,16,16,7.1,
11,41028,HP,16,16,26.8,
11,41028,FC,FC,1,21.5,
11,41028,FC,FC,1,23.6,
11,41028,FC,FC,1,23.9,
11,41028,FC,FC,1,25.2,
11,41028,FC,FC,1,22.8,14
11,41028,HNWR,16,16,24,
11,41028,BD,BD,1,21.5,
11,41028,HP,HP,1,23.8,
11,41028,HP,,,21.8,
11,41028,PNWR,PNWR,1,13.3,
11,41028,PNWR,PNWR,1,19.7,
11,41028,BD,BD,1,15.6,
11,41028,BD,BD,1,10,
11,41028,BD,BD,1,18,
11,41028,HP,HP,1,21.5,
11,41028,PNWR,PNWR,1,13,
11,41028,PNWR,PNWR,1,19.3,
11,41028,GR,GR,1,24.5,
11,41028,HP,HP,1,15,
11,41028,HP,HP,1,15,
11,41028,BD,BD,1,15.8,
11,41028,HP,HP,1,25.5,
11,41028,PNWR,PNWR,1,15.8,
11,41028,PNWR,PNWR,1,16.3,
11,41028,MC,MC,1,14.2,
11,41028,MC,MC,1,15.2,
11,41028,SP,SP,1,14.7,
11,41028,HNWR,HNWR,1,28.4,
11,41028,HNWR,HNWR,1,26.2,
11,41028,HNWR,HNWR,1,26.1,
11,41028,MC,MC,1,18.5,
11,41028,MC,MC,1,18.3,
11,41028,MC,MC,1,19.5,
11,41028,HNWR,HNWR,1,6.9,
11,41028,HNWR,HNWR,1,21.1,
11,41028,HNWR,HNWR,1,21.6,
11,41028,MC,MC,1,15.2,
11,41028,SP,SP,1,16,
11,41028,SP,SP,1,22,
11,41028,HNWR,HNWR,1,27.3,
11,41028,HNWR,HNWR,1,27.1,
11,41028,MC,MC,1,13.5,
11,41028,MC,MC,1,10.9,
11,41028,SP,SP,1,7.3,
11,41028,SP,SP,1,19.8,
11,41028,SP,SP,1,27,
11,41028,HNWR,HNWR,1,24,
11,41028,HNWR,HNWR,1,21.9,
11,41028,HNWR,HNWR,1,13.4,
12,41028,HP,HP,1,18.7,
12,41028,HP,HP,1,28.9,
12,41028,MC,MC,1,20.2,
12,41028,MC,MC,1,14.4,
12,41028,MC,MC,1,19.6,
12,41028,HP,HP,1,22.4,
12,41028,HP,HP,1,11.6,
12,41028,HP,HP,1,17.2,
12,41028,MC,MC,1,12.5,
12,41028,MC,MC,1,18.7,
12,41028,MC,MC,1,20.5,
12,41028,GR,GR,1,10.3,
12,41028,HP,HP,1,25,
12,41028,HP,HP,1,19.5,
12,41028,HP,HP,1,31.4,
12,41028,HP,HP,1,26.3,
12,41028,MC,MC,1,18.4,
12,41028,MC,MC,1,14.2,
12,41028,MC,MC,1,17.6,
12,41028,GR,GR,1,15.6,
12,41028,MC,MC,1,13.5,
12,41028,MC,MC,1,16.8,
12,41028,MC,MC,1,17,
12,41028,GR,GR,1,13.4,
12,41028,FR,FR,1,13.2,
12,41028,HNWR,8,8,20.7,
12,41028,HNWR,8,8,25.2,
12,41028,HNWR,2,2,16.2,
12,41028,CNWR,8,8,23.1,
12,41028,BD,8,8,8.5,
12,41028,BD,8,8,8.7,
12,41028,FR,FR,1,11.2,
12,41028,FR,FR,1,13.4,
12,41028,BD,BD,1,11.5,
12,41028,HP,8,8,18.9,
12,41028,CNWR,8,8,21.3,
12,41028,FR,FR,1,14.7,
12,41028,FR,FR,1,11.4,
12,41028,BD,BD,1,2.3,
12,41028,BD,BD,1,18.1,
12,41028,PNWR,8,8,11.8,
12,41028,HP,8,8,25.1,
12,41028,SP,8,8,20.3,
12,41028,CW,4,4,26.9,
12,41028,CNWR,4,4,22.7,
12,41028,FC,FC,1,17.4,
12,41028,FC,FC,1,16.7,
12,41028,FC,FC,1,3.7,
12,41028,FC,FC,1,15,
12,41028,NCC,4,4,11.1,
12,41028,CW,4,4,25.2,
12,41028,B161,B161,1,9.5,
12,41028,PNWR,PNWR,1,17.1,
12,41028,FC,FC,1,19.7,
12,41028,FC,FC,1,18.5,
12,41028,FC,FC,1,23.5,
12,41028,CW,4,4,24.6,
12,41028,FR,4,4,19.5,
12,41028,PNWR,PNWR,1,12.2,
12,41028,FC,FC,1,12.4,
12,41028,FC,FC,1,14.2,
12,41028,CNWR,4,4,23.8,
12,41028,NCC,4,4,2.7,
12,41028,B161,B161,1,9.6,
12,41028,PNWR,PNWR,1,13.9,
12,41028,FC,FC,1,11.1,
12,41028,FC,FC,1,27.2,
12,41028,FC,FC,1,12.8,
12,41028,CNWR,CNWR,1,18.7,
12,41028,CNWR,CNWR,1,24.8,
12,41028,SP,SP,1,20.6,
12,41028,CNWR,CNWR,1,4.5,
12,41028,CNWR,CNWR,1,17.3,
12,41028,SP,SP,1,22.4,
12,41028,OR,OR,1,3.5,
12,41028,CNWR,CNWR,1,19.4,
12,41028,CNWR,CNWR,1,23.3,
12,41028,CNWR,CNWR,1,16.5,
12,41028,CNWR,CNWR,1,24.6,
12,41028,CNWR,CNWR,1,27.1,
12,41028,SP,SP,1,17.1,
12,41028,HNWR,HNWR,1,28.7,
12,41028,HNWR,HNWR,1,23.9,
12,41028,HNWR,HNWR,1,24.3,
12,41028,HNWR,HNWR,1,28.7,
12,41028,FR,16,16,8.6,
12,41028,CW,16,16,28.7,
12,41028,HNWR,HNWR,1,25.1,
12,41028,HNWR,HNWR,1,23.4,
12,41028,HNWR,HNWR,1,22.4,
12,41028,FC,16,16,20.4,
12,41028,HNWR,16,16,23.7,
12,41028,MC,16,16,10.4,
12,41028,HNWR,HNWR,1,24.1,
12,41028,HNWR,HNWR,1,19.3,
12,41028,SP,16,16,12.7,
12,41028,BD,16,16,9.8,
12,41028,OV,OV,1,6.8,
12,41028,CW,CW,1,25.5,
12,41028,NCC,NCC,1,DEAD,
12,41028,OV,8,8,DEAD,
12,41028,KT,8,8,DEAD,
13,41028,HP,HP,1,18.4,
13,41028,HP,HP,1,21.9,
13,41028,CW,8,8,17.5,
13,41028,MC,MC,1,17.6,
13,41028,HP,HP,1,20.5,
13,41028,HP,HP,1,22.9,
13,41028,MC,MC,1,17.1,
13,41028,KT,KT,1,dead,
13,41028,MC,MC,1,13.6,
13,41028,KT,KT,1,dead,
13,41028,CNWR,8,8,13.1,
13,41028,PNWR,8,8,17.8,
13,41028,CW,8,8,17.8,
13,41028,MC,MC,1,13.5,
13,41028,KT,KT,1,10.9,
13,41028,HP,16,16,13.1,
13,41028,CW,CW,1,24,
13,41028,NCC,NCC,1,7.7,
13,41028,HNWR,4,4,21.1,
13,41028,HNWR,4,4,24,
13,41028,NCC,NCC,1,7.4,
13,41028,CW,16,16,15.5,
13,41028,CW,4,4,23.5,
13,41028,CW,CW,1,16.6,
13,41028,CW,CW,1,17,
13,41028,CW,CW,1,22.3,
13,41028,CW,CW,1,17.5,
13,41028,OR,OR,1,10.5,
13,41028,B161,B161,1,10.9,
13,41028,B161,B161,1,4,
13,41028,B161,B161,1,5.5,
13,41028,PNWR,PNWR,1,22.7,
13,41028,PNWR,PNWR,1,19.1,
13,41028,PNWR,PNWR,1,18.1,
13,41028,PNWR,PNWR,1,23.2,
13,41028,PNWR,PNWR,1,15,
13,41028,OR,OR,1,5,
13,41028,OR,OR,1,12,
13,41028,PNWR,PNWR,1,24.6,
13,41028,PNWR,PNWR,1,30.5,
13,41028,OR,OR,1,13.9,
13,41028,B161,B161,1,11,
13,41028,PNWR,PNWR,1,26.6,
13,41028,OV,OV,1,12.3,
13,41028,HNWR,HNWR,1,8.2,
13,41028,FC,FC,1,29.4,
13,41028,OV,OV,1,11.5,
13,41028,HNWR,HNWR,1,27.2,
13,41028,FC,FC,1,18.3,
13,41028,FC,FC,1,27.4,
13,41028,CNWR,CNWR,1,30.7,
13,41028,OV,OV,1,9.6,
13,41028,HNWR,HNWR,1,25.5,
13,41028,FC,FC,1,27.5,
13,41028,CNWR,CNWR,1,35.5,
13,41028,OV,OV,1,8,
13,41028,FC,FC,1,16,
13,41028,FC,FC,1,26.3,
13,41028,FC,FC,1,24.3,
13,41028,CNWR,CNWR,1,13.3,
13,41028,CNWR,CNWR,1,27.6,
13,41028,CNWR,CNWR,1,27.1,
13,41028,FC,2,2,30.4,
13,41028,SP,SP,1,20.9,
13,41028,SP,SP,1,27,
13,41028,BD,BD,1,15.5,
13,41028,FC,2,2,29.3,
13,41028,SP,SP,1,20.7,
13,41028,BD,BD,1,13.6,
13,41028,BD,BD,1,12.5,
13,41028,BD,BD,1,13.7,
13,41028,SP,SP,1,23,
13,41028,BD,BD,1,16.5,
13,41028,BD,BD,1,12.8,
13,41028,BD,BD,1,17.6,
13,41028,BD,BD,1,13.3,
13,41028,GR,GR,1,28.8,
13,41028,FC,2,2,28,
13,41028,SP,SP,1,15,
13,41028,SP,SP,1,10.2,
13,41028,BD,BD,1,12.5,
13,41028,BD,BD,1,13.3,
13,41028,BD,BD,1,10.6,
13,41028,OR,16,16,dead,
13,41028,KT,KT,1,dead,
13,41028,KT,KT,1,dead,
13,41028,OR,4,4,dead,
13,41028,OR,4,4,dead,
13,41028,NCC,NCC,1,dead,
13,41028,OR,16,16,dead,
13,41028,NCC,NCC,1,dead,
13,41028,CW,CW,1,dead,
13,41028,NCC,NCC,1,dead,
13,41028,NCC,16,16,dead,
13,41028,NCC,NCC,1,dead,
13,41028,OR,OR,1,dead,
13,41028,OV,OV,1,dead,
13,41028,HNWR,HNWR,1,dead,
14,41028,FC,FC,1,27.5,
14,41028,GR,GR,1,28,
14,41028,FR,FR,1,1.5,
14,41028,BD,BD,1,1.3,1.5
14,41028,B161,B161,1,9.7,
14,41028,B161,B161,1,9.8,
14,41028,FC,FC,1,33.3,
14,41028,FC,FC,1,23.5,
14,41028,FC,FC,1,21.8,
14,41028,FC,FC,1,32.4,
14,41028,OR,OR,1,12.2,
14,41028,FR,FR,1,1.3,1.5
14,41028,FR,FR,1,10.5,
14,41028,B161,B161,1,14,
14,41028,BD,BD,1,17.6,
14,41028,OR,OR,1,8.3,
14,41028,BD,BD,1,16.1,
14,41028,B161,B161,1,1.6,
14,41028,B161,B161,1,10.4,
14,41028,FC,FC,1,26.7,
14,41028,FC,FC,1,23.6,
14,41028,FC,FC,1,4,
14,41028,OR,OR,1,21.3,
14,41028,BD,BD,1,17,
14,41028,B161,B161,1,13.6,
14,41028,MC,MC,1,20,
14,41028,GR,GB,1,17.9,
14,41028,NCC,NCC,1,8.5,
14,41028,FC,FC,1,38.8,
14,41028,MC,MC,1,19.7,
14,41028,GR,GB,1,24.6,
14,41028,BD,BD,1,16.6,
14,41028,MC,MC,1,21.7,
14,41028,GR,GR,1,19.9,
14,41028,GR,GR,1,9.3,
14,41028,MC,MC,1,3.8,
14,41028,BD,BD,1,9.4,
14,41028,OV,OV,1,3.6,
14,41028,FC,FC,1,28.7,
14,41028,HNWR,HNWR,1,24.3,
14,41028,PNWR,PNWR,1,24.6,
14,41028,PNWR,PNWR,1,15.5,
14,41028,OR,OR,1,8.7,
14,41028,FR,FR,1,9.8,2.2
14,41028,HP,HP,1,31.1,
14,41028,HP,HP,1,25.2,
14,41028,HP,HP,1,28,
14,41028,PNWR,PNWR,1,24.7,
14,41028,SP,SP,1,18.5,
14,41028,PNWR,PNWR,1,16.4,
14,41028,OV,OV,1,5.5,
14,41028,HP,HP,1,26.5,
14,41028,CW,CW,1,20.1,
14,41028,CNWR,CNWR,1,26.9,
14,41028,FC,FC,1,29,
14,41028,HP,HP,1,20.8,
14,41028,BD,BD,1,16,
14,41028,HP,HP,1,25.8,
14,41028,HNWR,HNWR,1,35.8,
14,41028,OV,OV,1,11.3,
14,41028,OR,OR,1,9.9,
14,41028,BD,BD,1,16,
14,41028,BD,BD,1,1,
14,41028,BD,BD,1,18.5,
14,41028,OV,OV,1,5.8,
14,41028,BD,BD,1,18,
14,41028,BD,BD,1,12.7,
14,41028,BD,BD,1,18,
14,41028,BD,BD,1,8.8,
14,41028,HNWR,HNWR,1,28.4,
14,41028,OV,OV,1,2.2,
14,41028,OV,OV,1,16.5,
14,41028,BD,BD,1,21.7,
14,41028,BD,BD,1,19.1,
14,41028,BD,BD,1,25.5,
14,41028,BD,BD,1,8.1,
14,41028,HNWR,HNWR,1,32.3,
14,41028,OV,OV,1,13.2,
14,41028,OV,OV,1,5,
14,41028,OV,OV,1,3.2,
14,41028,OV,OV,1,10.2,
14,41028,OR,OR,1,6.1,
14,41028,BD,BD,1,15.6,
14,41028,SP,SP,1,30.2,
14,41028,CW,CW,1,1,
14,41028,KT,KT,1,10.8,
14,41028,CNWR,CNWR,1,26.3,
14,41028,CNWR,CNWR,1,20.2,
14,41028,CNWR,CNWR,1,22.1,
14,41028,CNWR,CNWR,1,21.9,
14,41028,CNWR,CNWR,1,23.3,
14,41028,CNWR,CNWR,1,23.2,
14,41028,CNWR,CNWR,1,17.4,
14,41028,CNWR,CNWR,1,23.8,
14,41028,CNWR,CNWR,1,24,
14,41028,CNWR,CNWR,1,23.7,
14,41028,CNWR,CNWR,1,22.1,
14,41028,KT,KT,1,DEAD,
15,41028,HNWR,hnwr,1,19.8,
15,41028,HNWR,hnwr,1,19.3,
15,41028,HNWR,hnwr,1,24.5,
15,41028,NCC,ncc,1,DEAD,
15,41028,OR,OR,1,13.5,
15,41028,OR,OR,1,DEAD,
15,41028,OR,OR,1,12.8,
15,41028,OR,OR,1,11.4,
15,41028,HNWR,hnwr,1,9.5,
15,41028,HNWR,hnwr,1,22.5,
15,41028,HNWR,hnwr,1,15.8,
15,41028,NCC,ncc,1,21.1,
15,41028,NCC,ncc,1,10,
15,41028,NCC,ncc,1,8.75,
15,41028,OR,OR,1,9.2,
15,41028,OR,OR,1,12.9,
15,41028,OR,OR,1,11.4,
15,41028,OR,OR,1,8.4,
15,41028,HNWR,hnwr,1,18.4,
15,41028,HNWR,hnwr,1,20.1,
15,41028,HNWR,hnwr,1,17.1,
15,41028,NCC,ncc,1,9.7,
15,41028,HNWR,hnwr,1,DEAD,
15,41028,NCC,ncc,1,DEAD,
15,41028,OR,OR,1,11.3,
15,41028,OR,OR,1,19.4,
15,41028,OR,OR,1,13,
15,41028,OR,OR,1,7.1,
15,41028,HNWR,hnwr,1,22,
15,41028,HNWR,hnwr,1,17,
15,41028,HNWR,hnwr,1,27,
15,41028,NCC,ncc,1,6.2,
15,41028,NCC,ncc,1,9.6,
15,41028,NCC,ncc,1,9.7,
15,41028,OR,OR,1,11.8,
15,41028,OR,OR,1,13,
15,41028,OR,OR,1,10.6,
15,41028,OR,OR,1,10,
15,41028,MC,mc,1,13.5,
15,41028,GR,gr,1,14.9,
15,41028,GR,gr,1,21.8,
15,41028,OV,ov,1,7.7,
15,41028,OV,ov,1,10.4,
15,41028,OV,ov,1,12.4,
15,41028,FC,8,8,30.2,
15,41028,B161,8,8,3.8,
15,41028,MC,mc,1,15.5,
15,41028,MC,mc,1,25.1,
15,41028,MC,mc,1,14,
15,41028,GR,gr,1,11.4,
15,41028,GR,gr,1,12.4,
15,41028,OV,ov,1,14,
15,41028,OV,ov,1,13.6,
15,41028,GR,gr,1,DEAD,
15,41028,HNWR,8,8,33.4,
15,41028,OR,8,8,11.6,
15,41028,HNWR,8,8,33.4,
15,41028,OV,ov,1,6.5,
15,41028,MC,mc,1,20.4,
15,41028,MC,mc,1,15.3,
15,41028,GR,gr,1,17.8,
15,41028,GR,gr,1,21.7,
15,41028,OV,ov,1,6.5,
15,41028,FR,8,8,13.1,
15,41028,MC,mc,1,21,
15,41028,MC,mc,1,9.3,
15,41028,GR,gr,1,24.1,18.5
15,41028,GR,gr,1,20.9,
15,41028,CNWR,8,8,27.4,
15,41028,HP,16,16,31.2,
15,41028,SP,sp,1,19.1,
15,41028,SP,sp,1,17.5,
15,41028,FC,fc,1,23,
15,41028,FR,16,16,20.5,
15,41028,SP,16,16,12,
15,41028,FC,fc,1,34.5,
15,41028,PNWR,4,4,23.9,
15,41028,PNWR,4,4,DEAD,
15,41028,FC,fc,1,27.7,
15,41028,B161,16,16,12.7,
15,41028,FC,16,16,20.6,
15,41028,SP,sp,1,29.5,
15,41028,SP,4,4,28.1,
15,41028,OV,2,2,12.2,
15,41028,HP,hp,1,26.4,
15,41028,HP,hp,1,34.8,
15,41028,HP,hp,1,11.3,9.1
15,41028,BD,BD,1,21.3,7.1
15,41028,BD,BD,1,18,
15,41028,BD,BD,1,DEAD,
15,41028,OV,2,2,8.1,7.5
15,41028,GR,2,2,19.2,
15,41028,HP,hp,1,19.5,
15,41028,HP,hp,1,24.4,
15,41028,HP,hp,1,17.3,
15,41028,HP,hp,1,38.6,
15,41028,BD,BD,1,21.1,
15,41028,HP,hp,1,22,
15,41028,HP,hp,1,23.6,
15,41028,HP,hp,1,26,9.4
15,41028,B161,b161,1,9.1,
15,41028,BD,BD,1,12,
15,41028,HP,hp,1,21,
15,41028,HP,hp,1,21,
15,41028,HP,hp,1,22.1,
15,41028,HP,hp,1,33,
15,41028,B161,b161,1,14.2,
15,41028,BD,BD,1,20.8,
15,41028,CW,cw,1,19.5,18
15,41028,CW,cw,1,18.3,13.7
15,41028,CW,cw,1,11.1,
15,41028,CNWR,cnwr,1,20.3,
15,41028,CNWR,cnwr,1,15.8,
15,41028,CNWR,cnwr,1,23.4,
15,41028,PNWR,PNWR,1,11.6,
15,41028,PNWR,PNWR,1,21.3,
15,41028,CW,cw,1,18.2,
15,41028,CW,cw,1,17.5,
15,41028,CW,cw,1,18.2,
15,41028,CW,cw,1,11,
15,41028,CNWR,cnwr,1,27.1,
15,41028,CNWR,cnwr,1,26.5,
15,41028,PNWR,PNWR,1,21.1,
15,41028,PNWR,PNWR,1,23.5,11.7
15,41028,PNWR,PNWR,1,16.9,
15,41028,CW,cw,1,15,9.5
15,41028,CW,cw,1,13.7,
15,41028,CW,cw,1,20.5,
15,41028,CNWR,cnwr,1,24,
15,41028,PNWR,PNWR,1,21,
15,41028,PNWR,PNWR,1,13.6,
15,41028,PNWR,PNWR,1,21.4,
15,41028,CW,cw,1,20,
15,41028,CW,cw,1,19,
15,41028,CW,cw,1,15.2,
15,41028,CW,cw,1,15.5,
15,41028,CNWR,cnwr,1,18.6,
15,41028,CNWR,cnwr,1,18.5,
15,41028,PNWR,PNWR,1,14.5,
16,41028,FC,FC,1,26,
16,41028,FC,FC,1,25,
16,41028,FC,FC,1,20,
16,41028,FC,FC,1,22.9,
16,41028,FC,FC,1,21,
16,41028,FC,FC,1,34.5,
16,41028,FC,FC,1,20,
16,41028,FC,FC,1,Dead,
16,41028,FC,FC,1,17.5,
16,41028,PNWR,PNWR,1,19,
16,41028,PNWR,PNWR,1,12.6,
16,41028,PNWR,PNWR,1,13,
16,41028,PNWR,PNWR,1,14,
16,41027,PNWR,PNWR,1,20.8,
16,41028,CNWR,CNWR,1,24.4,
16,41028,CNWR,CNWR,1,16.9,
16,41028,CNWR,CNWR,1,14.6,
16,41028,SP,2,2,20.4,
16,41028,OV,OV,1,Dead,
16,41028,BD,BD,1,Dead,
16,41028,BD,BD,1,14.5,
16,41028,BD,BD,1,14.5,
16,41028,BD,BD,1,11.1,
16,41028,BD,BD,1,17.3,
16,41028,BD,BD,1,6.7,
16,41028,BD,BD,1,11.85,
16,41028,FC,4,4,22.3,
16,41027,OR,4,4,11.15,
16,41028,FC,4,4,Dead,
16,41028,NCC,NCC,1,32.5,
16,41028,KT,KT,1,Dead,
16,41028,OR,OR,1,6,
16,41028,OR,OR,1,5.9,
16,41028,OR,OR,1,7,
16,41028,OR,OR,1,Dead,
16,41028,OR,OR,1,dead,
16,41028,OR,OR,1,7.5,
16,41028,OR,OR,1,10.9,
16,41028,SP,SP,1,7.4,
16,41028,SP,SP,1,15.7,
16,41028,SP,SP,1,DEAD,
16,41027,FR,FR,1,DEAD,
16,41028,FR,FR,1,3.8,
16,41028,HP,HP,1,16.5,
16,41028,HP,HP,1,14,
16,41028,HP,HP,1,16,
16,41028,CW,CW,1,DEAD,
16,41028,CW,CW,1,DEAD,
16,41028,CW,CW,1,DEAD,
16,41028,CW,CW,1,DEAD,
16,41028,HP,HP,1,14.8,
16,41028,HP,HP,1,9,
16,41028,CW,CW,1,16.8,
16,41028,HP,HP,1,21.2,
16,41028,HP,HP,1,15,
16,41027,CW,CW,1,10,
16,41028,HP,HP,1,21,
16,41028,HP,HP,1,22.6,
16,41028,HP,HP,1,24.4,
16,41028,HP,HP,1,23.5,
16,41028,HNWR,HNWR,1,13,
16,41028,HNWR,HNWR,1,17.5,
16,41028,GR,2,2,14.2,
16,41028,B161,2,2,2.9,
16,41028,HNWR,HNWR,1,17.8,
16,41028,HNWR,HNWR,1,22,
16,41028,CW,2,2,19.3,
16,41028,HNWR,HNWR,1,15,
16,41028,HNWR,HNWR,1,15.5,
16,41027,HNWR,HNWR,1,20,
16,41028,GR,2,2,10.7,
16,41028,MC,2,2,16.85,
16,41028,BD,2,2,10.2,
16,41028,HNWR,HNWR,1,26,
16,41028,HNWR,HNWR,1,23,
16,41028,HNWR,HNWR,1,24.5,
16,41028,KT,2,2,DEAD,
16,41028,MC,2,2,14,
16,41028,FC,1,1,20.9,
16,41028,CNWR,1,1,25.1,
16,41028,NCC,1,1,DEAD,
16,41028,HNWR,1,1,29.75,
16,41028,GR,GR,1,11,
16,41027,GR,Gr,1,15.4,
16,41028,GR,1,1,DEAD,
16,41028,PNWR,1,1,DEAD,
16,41028,MC,1,1,22.8,
16,41028,BD,1,1,DEAD,
16,41028,MC,MC,1,19.4,
16,41028,B161,b161,1,8,
16,41028,MC,MC,1,16,
16,41028,MC,MC,1,15.9,
16,41028,MC,MC,1,17.7,
16,41028,B161,B161,1,14.2,
16,41028,MC,MC,1,18,
16,41028,MC,MC,1,15.75,
16,41028,MC,MC,1,18.5,
16,41027,MC,MC,1,17.4,
16,41028,MC,MC,1,DEAD,
16,41028,MC,MC,1,24.8,
17,,PNWR,PNWR,1,15.4,
17,,OR,OR,1,3.2,
17,,OR,OR,1,12.1,
17,,OR,OR,1,3.25,
17,,OR,OR,1,13.5,
17,,CW,CW,1,18.75,
17,,PNWR,PNWR,1,DEAD,
17,,PNWR,PNWR,1,3.75,
17,,OR,OR,1,9.5,
17,,CW,CW,1,DEAD,
17,,FC,8,8,DEAD,
17,,PNWR,PNWR,1,11.5,
17,,OR,OR,1,10.2,
17,,OR,OR,1,DEAD,
17,,CW,CW,1,31.6,
17,,MC,8,8,24.5,
17,,PNWR,PNWR,1,14.5,
17,,PNWR,PNWR,1,26.28,
17,,CW,CW,1,16.75,
17,,PNWR,4,4,19.9,
17,,PNWR,4,4,24.25,
17,,OV,OV,1,22.8,
17,,OV,OV,1,32,
17,,OV,OV,1,21.1,
17,,CNWR,CNWR,1,DEAD,
17,,CNWR,CNWR,1,DEAD,
17,,FR,FR,1,17.5,
17,,HNWR,4,4,24.25,
17,,CNWR,CNWR,1,14.75,
17,,CNWR,CNWR,1,DEAD,
17,,CNWR,CNWR,1,22.5,
17,,FR,FR,1,4.8,
17,,FR,FR,1,14,
17,,BD,4,4,9,
17,,GR,4,4,4.5,
17,,CNWR,CNWR,1,20.25,
17,,CNWR,CNWR,1,9.3,
17,,CNWR,CNWR,1,18.2,
17,,FR,FR,1,9.75,
17,,FR,FR,1,4.3,
17,,HNWR,4,4,44.75,
17,,HNWR,4,4,18.5,
17,,HNWR,4,4,5.25,
17,,CNWR,CNWR,1,16.2,
17,,CNWR,CNWR,1,10.7,
17,,HNWR,HNWR,1,18.75,
17,,HNWR,HNWR,1,22,
17,,HNWR,HNWR,1,26.4,
17,,MC,MC,1,8.5,
17,,MC,MC,1,10,
17,,MC,MC,1,6.75,
17,,HNWR,HNWR,1,17.75,
17,,HNWR,HNWR,1,DEAD,
17,,MC,MC,1,10,
17,,MC,MC,1,6.5,
17,,CW,16,16,10,
17,,HNWR,HNWR,1,21.1,
17,,HNWR,HNWR,1,18.75,
17,,HNWR,HNWR,1,21.5,
17,,MC,MC,1,11.5,
17,,MC,MC,1,9,
17,,MC,MC,1,10.75,
17,,MC,16,16,11,
17,,HNWR,16,16,1.8,
17,,HNWR,HNWR,1,19.3,
17,,HNWR,HNWR,1,15.5,
17,,HNWR,HNWR,1,21,
17,,MC,MC,1,9.5,
17,,MC,MC,1,2.5,
17,,MC,MC,1,2,
17,,OR,16,16,14.8,
17,,OV,16,16,15.1,
17,,SP,SP,1,13,
17,,SP,SP,1,9,
17,,NCC,NCC,1,6.4,
17,,HP,HP,1,11.8,
17,,HP,HP,1,16,
17,,FC,FC,1,8.25,
17,,FC,FC,1,5.9,
17,,FC,FC,1,15.5,
17,,B161,B161,1,5.5,
17,,B161,B161,1,31,
17,,HP,HP,1,10.9,
17,,HP,HP,1,17,
17,,FC,FC,1,8.3,
17,,FC,FC,1,16.5,
17,,FC,FC,1,7.5,
17,,B161,B161,1,DEAD,
17,,B161,B161,1,DEAD,
17,,B161,B161,1,6.5,
17,,HP,HP,1,18.5,
17,,HP,HP,1,19.5,
17,,FC,FC,1,DEAD,
17,,FC,FC,1,DEAD,
17,,B161,B161,1,DEAD,
17,,B161,B161,1,1.8,
17,,HP,HP,1,12.5,
17,,HP,HP,1,10.2,
17,,FC,FC,1,15.6,
17,,FC,2,2,5.4,
17,,B161,B161,1,14,
18,,OR,4,4,DEAD,
18,,CW,CW,1,18.1,
18,,CW,CW,1,10.4,
18,,CW,CW,1,18,
18,,PNWR,4,4,12.7,
18,,CW,CW,1,15.1,
18,,CW,CW,1,8.3,
18,,CW,CW,1,15.6,
18,,OR,OR,1,DEAD,
18,,MC,16,16,15.3,
18,,SP,16,16,17.4,
18,,CW,16,16,27.3,
18,,PNWR,4,4,18.3,
18,,PNWR,4,4,13.1,
18,,CW,CW,1,12.1,
18,,CW,CW,1,17.1,
18,,OR,OR,1,9,
18,,HP,16,16,21.1,
18,,NCC,16,16,DEAD,
18,,FC,16,16,23.7,
18,,OR,4,4,0.9,
18,,CW,CW,1,16.5,
18,,CW,CW,1,5.4,
18,,OR,OR,1,DEAD,
18,,OR,OR,1,4.5,
18,,OR,OR,1,5.1,3.4
18,,OR,16,16,DEAD,
18,,HNWR,16,16,23.7,
18,,CNWR,16,16,18.4,
18,,HP,HP,1,25.7,
18,,OV,OV,1,7.4,
18,,OV,OV,1,6.7,
18,,PNWR,PNWR,1,17.7,
18,,PNWR,PNWR,1,11.2,
18,,PNWR,PNWR,1,21.1,
18,,PNWR,PNWR,1,13.6,
18,,OV,OV,1,3.5,
18,,PNWR,PNWR,1,12,
18,,GR,GR,1,DEAD,
18,,CNWR,CNWR,1,20.7,
18,,CNWR,CNWR,1,17.7,
18,,CNWR,CNWR,1,DEAD,
18,,HNWR,HNWR,1,22.7,
18,,BD,BD,1,17.9,
18,,FR,FR,1,12.1,
18,,HNWR,HNWR,1,24.2,
18,,HNWR,HNWR,1,20.5,
18,,HNWR,HNWR,1,21.7,
18,,BD,BD,1,14.7,
18,,FR,FR,1,6.4,
18,,FR,FR,1,11.3,
18,,HNWR,HNWR,1,14.8,
18,,BD,BD,1,17.3,
18,,BD,BD,1,7.8,
18,,FR,FR,1,8.9,
18,,FR,FR,1,10.5,
18,,HNWR,HNWR,1,22.4,
18,,MC,MC,1,15.4,
18,,MC,MC,1,9.9,
18,,CW,4,4,24,
18,,FC,4,4,26.3,
18,,FC,FC,1,22.1,
18,,FC,FC,1,3.9,
18,,MC,MC,1,12.6,
18,,CW,4,4,19.2,11.7
18,,HP,4,4,35,
18,,PNWR,2,2,13.8,
19,,PNWR,PNWR,1,13.9,
19,,FC,16,16,25.4,
19,,HNWR,16,16,17.4,
19,,MC,2,2,10.8,
19,,PNWR,PNWR,1,7.5,
19,,PNWR,PNWR,1,12.8,
19,,PNWR,PNWR,1,14.3,
19,,PNWR,PNWR,1,4.1,
19,,BD,16,16,8.8,
19,,OR,16,16,6.1,
19,,OR,2,2,10.3,
19,,PNWR,PNWR,1,19.9,
19,,PNWR,PNWR,1,8.9,
19,,OR,16,16,8.4,
19,,KT,16,16,DEAD,
19,,SP,16,16,14,
19,,OR,2,2,10.17,
19,,PNWR,PNWR,1,14.8,
19,,PNWR,PNWR,1,5.8,
19,,FR,16,16,8.4,
19,,OR,2,2,7.1,
19,,OR,2,2,11.5,
19,,OR,2,2,8.3,
19,,CNWR,CNWR,1,18.2,
19,,CNWR,CNWR,1,8.3,
19,,CNWR,CNWR,1,10.5,
19,,CW,CW,1,20.4,
19,,CW,CW,1,20.1,
19,,HNWR,HNWR,1,21.9,
19,,HNWR,HNWR,1,24.3,
19,,HNWR,HNWR,1,11.2,
19,,CNWR,CNWR,1,18.4,
19,,CNWR,CNWR,1,13.3,
19,,CW,CW,1,19.5,
19,,CW,CW,1,12,
19,,HNWR,HNWR,1,11.8,
19,,HNWR,HNWR,1,17.8,
19,,HNWR,HNWR,1,19.5,
19,,HNWR,HNWR,1,13.8,
19,,CNWR,CNWR,1,17,
19,,CNWR,CNWR,1,15.9,
19,,CW,CW,1,17.8,16
19,,CW,CW,1,21.4,
19,,CW,CW,1,14,
19,,HNWR,HNWR,1,22.4,
19,,HNWR,HNWR,1,24,
19,,CNWR,CNWR,1,DEAD,
19,,CNWR,CNWR,1,9.4,
19,,CW,CW,1,5,
19,,HNWR,HNWR,1,18,
19,,HNWR,HNWR,1,19.8,
19,,HNWR,HNWR,1,22.5,
19,,BD,BD,1,9.2,
19,,FC,FC,1,15.3,
19,,FC,FC,1,19.4,
19,,FC,FC,1,20.4,
19,,OR,OR,1,5.4,
19,,OR,OR,1,7.1,
19,,FC,FC,1,13.3,
19,,FC,FC,1,16.5,
19,,OR,OR,1,8.8,
19,,BD,BD,1,DEAD,
19,,FC,FC,1,17.3,
19,,FC,FC,1,18.8,
19,,OR,OR,1,8.5,
19,,OR,OR,1,7.2,
19,,FC,FC,1,17.3,
19,,FC,FC,1,17.1,
19,,FC,FC,1,22.8,
19,,FC,FC,1,22.6,
19,,OR,OR,1,7,
19,,HP,HP,1,23.1,
19,,HP,HP,1,22,
19,,FC,FC,1,26.9,
19,,HP,HP,1,33.5,
19,,B161,B161,1,6,
19,,B161,B161,1,25,
19,,BD,BD,1,9,
19,,HP,HP,1,33,
19,,B161,B161,1,8.2,
19,,B161,B161,1,DEAD,
19,,SP,SP,1,18.2,
19,,SP,SP,1,18.5,
19,,GR,GR,1,18.9,
19,,HNWR,8,8,21.8,
19,,SP,SP,1,17.6,
19,,OR,OR,1,33.3,
19,,FC,8,8,25.5,
19,,BD,8,8,8.4,4.8
19,,MC,MC,1,18.4,
19,,GR,GR,1,17,
19,,HP,8,8,21.8,
19,,B161,8,8,7,
19,,SP,SP,1,15.3,
19,,MC,8,8,7.6,
19,,HNWR,8,8,23.2,
19,,MC,8,8,7.8,
20,,OV,OV,1,10.4,
20,,HNWR,HNWR,1,28.3,
20,,HNWR,HNWR,1,23,
20,,HNWR,HNWR,1,21.7,
20,,HNWR,HNWR,1,24.1,
20,,SP,SP,1,9.8,
20,,SP,SP,1,18.6,
20,,SP,SP,1,25.4,
20,,OV,OV,1,8.6,
20,,OV,OV,1,5,
20,,HNWR,HNWR,1,25.9,
20,,HNWR,HNWR,1,17.2,
20,,HNWR,HNWR,1,19.4,
20,,HNWR,HNWR,1,19.7,
20,,SP,SP,1,11.6,
20,,SP,SP,1,24.2,
20,,PNWR,16,16,19.7,
20,,CNWR,16,16,21.2,
20,,OV,OV,1,4.3,
20,,OV,OV,1,10.7,
20,,OV,OV,1,9.1,
20,,HNWR,HNWR,1,22.1,
20,,HNWR,HNWR,1,20.5,
20,,SP,SP,1,13,
20,,SP,SP,1,16.5,
20,,HNWR,16,16,28.5,
20,,CW,16,16,24.6,
20,,SP,16,16,20.7,
20,,OV,OV,1,7.1,
20,,OV,OV,1,5.7,
20,,OV,OV,1,DEAD,
20,,HNWR,HNWR,1,22.8,
20,,HNWR,HNWR,1,16.9,
20,,SP,SP,1,22.4,
20,,SP,SP,1,DEAD,
20,,NCC,16,16,4.8,
20,,OR,OR,1,5.3,
20,,BD,BD,1,9.3,
20,,BD,BD,1,12.2,
20,,CW,CW,1,17,
20,,CW,CW,1,DEAD,
20,,CW,CW,1,27.5,
20,,OR,OR,1,8.4,
20,,OR,OR,1,7.1,
20,,OR,OR,1,9.4,
20,,OR,OR,1,DEAD,
20,,BD,BD,1,4.5,
20,,BD,BD,1,11.5,
20,,BD,BD,1,13.9,
20,,BD,BD,1,11.5,
20,,CW,CW,1,21.4,
20,,CW,CW,1,19.2,
20,,CW,CW,1,23.2,
20,,OR,OR,1,6.8,
20,,OR,OR,1,10.1,
20,,OR,OR,1,7.2,
20,,BD,BD,1,9,
20,,BD,BD,1,8.9,
20,,BD,BD,1,17.3,
20,,BD,BD,1,6.2,
20,,CW,CW,1,24.1,
20,,OR,OR,1,2.5,
20,,OR,OR,1,8.7,
20,,OR,OR,1,DEAD,
20,,BD,BD,1,13.4,
20,,BD,BD,1,DEAD,
20,,BD,BD,1,10.3,
20,,BD,BD,1,9.6,
20,,CW,CW,1,27.3,
20,,CW,CW,1,27.8,
20,,MC,MC,1,15.5,
20,,MC,MC,1,17.9,
20,,MC,MC,1,22.9,
20,,MC,MC,1,7.6,
20,,OR,4,4,2,
20,,B161,B161,1,6.4,
20,,MC,MC,1,21.4,
20,,MC,MC,1,17.6,
20,,MC,MC,1,17.4,
20,,OV,4,4,3.8,
20,,OV,4,4,4,
20,,OR,4,4,DEAD,
20,,MC,MC,1,18.2,
20,,MC,MC,1,18.9,
20,,MC,MC,1,21.7,
20,,CW,4,4,21.8,
20,,CW,4,4,25.4,
20,,B161,B161,1,7.5,
20,,B161,B161,1,2.1,
20,,MC,MC,1,8.6,
20,,MC,MC,1,10.2,
20,,MC,MC,1,9.8,
20,,MC,MC,1,9.9,
20,,CW,4,4,19.5,
20,,PNWR,4,4,15.9,
20,,CW,4,4,23.8,
20,,FC,FC,1,17.3,
20,,FC,FC,1,15.6,
20,,FC,FC,1,17.5,
20,,BD,8,8,15.1,
20,,CNWR,8,8,21.6,
20,,SP,8,8,25.9,
20,,B161,8,8,2.8,
20,,PNWR,PNWR,1,17.8,
20,,PNWR,PNWR,1,18.8,
20,,PNWR,PNWR,1,22.3,
20,,FC,FC,1,14.3,
20,,FC,FC,1,12.5,
20,,FC,FC,1,22.9,
20,,FC,8,8,19.2,
20,,CW,8,8,20.3,
20,,FC,8,8,4.5,
20,,PNWR,PNWR,1,17.6,
20,,FC,FC,1,16,
20,,FC,FC,1,24.9,
20,,FC,FC,1,31.3,
20,,FC,FC,1,15.3,
20,,SP,8,8,13.7,
20,,PNWR,PNWR,1,21.8,
20,,PNWR,PNWR,1,19.3,
20,,PNWR,PNWR,1,33.3,
20,,FC,FC,1,15.2,
20,,FC,FC,1,13.6,
20,,FC,FC,1,18.1,
20,,FR,2,2,6.5,
20,,GR,8,8,3.2,
20,,PNWR,PNWR,1,DEAD,
20,,GR,GR,1,DEAD,
20,,NCC,NCC,1,2.3,
20,,NCC,NCC,1,DEAD,
20,,CNWR,CNWR,1,17.8,
20,,CNWR,CNWR,1,11.8,
20,,FR,FR,1,8.3,
20,,FR,FR,1,13.9,
20,,GR,GR,1,17.4,
20,,NCC,NCC,1,DEAD,
20,,NCC,NCC,1,1.8,
20,,CNWR,CNWR,1,14,
20,,FR,FR,1,15.6,
20,,FR,FR,1,12.4,
20,,FR,FR,1,13.3,
20,,GR,GR,1,17.4,
20,,GR,GR,1,9.9,
20,,GR,GR,1,16.8,
20,,NCC,NCC,1,6.9,
20,,NCC,NCC,1,3.4,
20,,NCC,NCC,1,1.8,
20,,GR,GR,1,15.7,
20,,GR,GR,1,17.2,
20,,NCC,NCC,1,3.4,
20,,CNWR,CNWR,1,20,
20,,FR,FR,1,10.4,
